comment_id,parent_comment_id,create_time,video_id,content,user_id,nickname,sex,sign,avatar,sub_comment_count,like_count,last_modify_ts
132453462048,0,1664894726,770612747,对我来说最难的是眼镜。。。,24244377,大侦探波罗的海,保密,飞越牢不可破的黑暗，潜入星群的领地。,https://i0.hdslb.com/bfs/face/bb97e9a749a9ea2b37b807aacebf82436f9bc719.jpg,2,73,1764389188694
119215717344,0,1656830700,770612747,二刷的表示非常值得一定要去 准备三刷了 触发了五次1v1,1890407,然柯kk,女,"全网同名 努力日更
⭐7.11-13 bw 雷蛇/惠普 无畏契约
⭐8.1-3 芜湖
⭐8.9-10上海",https://i2.hdslb.com/bfs/face/c76f5ebefbf1d35ef873c704591cf55452e27fb9.jpg,1,51,1764389188698
129649625536,0,1662877031,770612747,被放在不同的楼层，可以直接去想去的楼层吗。还有下午场和晚上场区别大吗～,5563154,萌萌哒的小咖啡,男,啦啦啦,https://i2.hdslb.com/bfs/face/2869fab758198fb4734cfb913c65454d2e3ad12f.jpg,1,25,1764389188704
119124840400,0,1656766345,770612747,好像确实能提升一点颅顶哈[tv_doge]哈哈哈哈，真的好想去哎[tv_难过],660347014,TintinYan,男,摇滚、音乐剧和摄影是命。,https://i1.hdslb.com/bfs/face/b9137483066fa93467b95ca8bdd11a4e0fbdf78c.jpg,1,15,1764389188706
119122314608,0,1656765343,770612747,我要去[委屈][委屈][委屈],37867441,-KikiZhao-,女,业余唱歌的法律人｜混音/商业合作/个人委托请发工作邮箱kikizhao00@gmail.com,https://i1.hdslb.com/bfs/face/a8d3a00029bc4b994820d436bee951c4c91915d3.jpg,2,13,1764389188708
119119961584,0,1656764151,770612747,非常实用的攻略，今年要去的，疫情之后想把之前没来得及体验的都体验一遍[喜极而泣]麦克白那段里一闪而过的是肯爵么哈哈哈,9274309,Jengibre,保密,,https://i1.hdslb.com/bfs/face/1d7c48c36dbf2582e6000a2a0bbf917dd4a3f88b.jpg,2,11,1764389188710
131741813168,0,1664422048,770612747,现在门票七八百了,8837648,Lancer541,保密,干杯 ε-(´∀｀; ),https://i2.hdslb.com/bfs/face/8487970f0724d57aa316c7f435522e458b8edf27.jpg,0,8,1764389188711
202765938096,0,1704998233,770612747,普通男孩去会被忽视吗[doge]想体验一下，感觉好好玩，但以前剧本杀都没玩过,1788792114,不做题多年,保密,,https://i0.hdslb.com/bfs/face/f5cb381654cd6893cac58348935eaba35048070b.jpg,1,7,1764389188714
160003915584,0,1681032557,770612747,演员皮肤非常好，蹭到了一下好细嫩[喜欢]看他们亲来亲去好羡慕,170059,AHS放映厅,女,全平台同名，主推各类优秀恐怖题材作品,https://i1.hdslb.com/bfs/face/ef4573d5576707049dda994bdbcd2922d27a1f09.jpg,0,7,1764389188716
154335678336,0,1677619551,770612747,为啥不能戴眼镜呀,1044172762,她说她是喵,保密,当个好人,https://i1.hdslb.com/bfs/face/ed020fcbed639486fe485d2b5a2ded97b380fab8.jpg,1,7,1764389188718
4454449528,0,1619148889,375141330,我是在竹林被装成护士的精神病小姐姐1V1的，坐在轮椅上被推了一圈。,8092740,Zzzxuxuzhou,保密,,http://i0.hdslb.com/bfs/face/member/noface.jpg,9,1514,1764389193095
4454951238,0,1619155269,375141330,看完linlin介绍印象最深的就是：离得超近换内裤、可以帮男巫穿衣服和洗澡[doge],170227661,天使遗骸,女,随缘更新，喜欢啥发啥，不用关注啦,https://i2.hdslb.com/bfs/face/4af8e1928875f1cfefa0da94adcb116a6fcac609.jpg,13,1340,1764389193098
4457178231,0,1619185450,375141330,我是第一批去刷的，那时候每个时间段票价一样，带一杯酒的只要550，超级良心价，好像周末贵一点，好几年前了有点不记得。不过也是很难抢，只抢到了第二个月的票。三个月后二刷。万圣节之类还有特别场。据说伦敦版麦克白洗澡直接是裸体的，咱们这儿没办法必须穿内裤。麦金农这个场景设计也是拿了奖的，其实单独去刷一次场景不跟剧情走都很值得，细节做的超赞。还有个别超级幸运儿能解锁七楼看天顶，🍋了。一年一刷，值得。,882509,ziggy_on_mars,女,不再更新，择日注销。,https://i2.hdslb.com/bfs/face/3a2d34c3601dbe00837d28c53d294b0c5aa9c175.jpg,6,1006,1764389193100
4462927728,0,1619276098,375141330,我去的时候一开始跟麦克白，但他跑的太快了我跟不上，然后就逐渐偏离主线开始在各个楼层闲逛，全程不知道大部队的人在哪里还有点害怕，后面因为在精神病院逛太久被一个女护士拉进屋子里喂我喝茶，还被一个男护士拉进房间里让我躺床上,9777865,DaDaDariDa,保密,hhhhhhhhhh,http://i1.hdslb.com/bfs/face/a5ecb7cc162afd7afd8ab1f56458b0e69738c78a.jpg,5,746,1764389193102
4458946376,0,1619226163,375141330,然后我觉得如果有机会去一次以上。第一次不要看攻略进去脑补也很有趣🐒 我第一次去的时候就自己脑补出了一个有钱人家搞外遇 男管家女管家互相勾心斗角给主人下毒的剧情😂 然后老国王的床什么的也大胆的躺一躺 演员喝的饮料也尝一尝 🤓 最后如果一直坚定的跟着配角的话 结尾被角色拉过去晚餐他/她会全程拉着你的手/搂着肩还会发抖。最后把你牵出场 在门口壁咚亲个脸！,691730717,z米占米占z,保密,,https://i2.hdslb.com/bfs/face/dc182bceee09ae10037c52ff7468c185f89acece.webp,6,634,1764389193104
4457148346,0,1619185119,375141330,真的有被安利到，之前对这个一点也不了解，但听完流程真的感觉很有趣，但其实我更在意的是linlin这么好的up主为什么没有和视频质量相符的人气啊。每个视频都超认真，人也是超级可爱说话也很有意思很幽默[辣眼睛]反倒是一些整烂活玩烂梗的up主人气要高些，感觉真的太可惜了。如果有什么能让linlin被更多人发现的方法一定要告诉我[doge],325375596,Fay菲Phi,保密,"
我是个带憨憨，如果说错话请记我大过",https://i0.hdslb.com/bfs/face/4cc5bee476f1dfce0a637f69f523991551377e63.jpg,5,446,1764389193107
4454942137,0,1619155144,375141330,要是我被选中帮男巫穿衣服洗澡，我估计要在漆黑的剧场里脸红心跳了[脱单doge],170227661,天使遗骸,女,随缘更新，喜欢啥发啥，不用关注啦,https://i2.hdslb.com/bfs/face/4af8e1928875f1cfefa0da94adcb116a6fcac609.jpg,12,419,1764389193109
4455072578,0,1619157309,375141330,"其实每场演2.5遍哦，最后的晚餐不是一个循环的完结,舞会才是,每次舞会开始都是意味着新的一遍开始了。女仆的那个1v1也是蝴蝶梦的剧情,女仆名字和蝴蝶梦的女仆名字是一样的。",11948796,BabeBomber,男,B站最没名气的体育区（并没有这个区）UP主,http://i0.hdslb.com/bfs/face/fde15887e3f25ccad272b60824e8cbefd61d3f1d.jpg,4,391,1764389193112
4457508063,0,1619188928,375141330,我是整个电梯里第一个被叫出去的……尼玛那层就下了我一个……坟墓那层……[喜极而泣],449280669,账号已注销,保密,,https://i0.hdslb.com/bfs/face/member/noface.jpg,5,362,1764389193114
4458930806,0,1619225842,375141330,我觉得国内女演员选密闭空间的1v 1倾向于选小姐姐！之前被蝴蝶梦的小姐姐选中进她的卧室 就是当时有三四个男生都挤在她面前。她穿过人群拉了我哈哈哈！如果在纽约上学推荐大家可以去买学生票！学生票场 一般人特别少！,691730717,z米占米占z,保密,,https://i2.hdslb.com/bfs/face/dc182bceee09ae10037c52ff7468c185f89acece.webp,1,321,1764389193117
261364125313,0,1746691787,113583463596479,upup 我看不懂那个闪光灯不断地闪的剧情，那个婴儿这么回事？为什么要互相丢婴儿的肢体？为什么最后要拿着一棵树给三个巫师看？,1772187684,清阳玉润,女,"姹紫嫣红的景色中 花瓣如雨洒落
只要回头便能看见微笑的你
告诉我冰雪已然消融",https://i0.hdslb.com/bfs/face/36715937b8348b547bf82212c2228928a3ce2d75.jpg,2,5,1764389197346
261196915392,0,1745509927,113583463596479,妈呀我好傻 一直跟的是国王 以为他是麦克白,3493095266061217,barbelo621,保密,,https://i1.hdslb.com/bfs/face/f0668588feb79799f27c85a800c25e3c5576d238.jpg,4,5,1764389197349
266340088993,0,1751478888,113583463596479,这部剧演的是原著所有内容吗(包括改编)，还是截取了一部分原著演,552230487,SMUSICR,男,,https://i0.hdslb.com/bfs/face/870ee0073ff65f457e38f66f45766e792caead1a.jpg,1,0,1764389197351
260396217296,0,1744649856,113583463596479,谢谢up解说hhh我天呢这么复杂的剧情,1541820,Kidowww,保密,这场梦结束该醒啦,http://i0.hdslb.com/bfs/face/bec593053e100bd01d6aa4a0dac559c7becb4309.jpg,1,0,1764389197353
178229714384,0,1690820366,358474760,去了两次都被1 on 1，两次都是被国王邀请（真的很有缘）。第一次是在一楼的楼梯间，国王从楼上下来，站在楼梯口向观众伸出手，可能大家都没有反应过来，所以我也及时向他伸手，他径直牵着我走进楼梯间里（一个隐藏密室），我们进入后他就把其他人锁在门外，里面是一个非常昏暗的小房间，大概只有3 4平米，有一盏灯还是蜡烛不太记得清了。当时国王的演员是一个西方面孔，讲的英文，会先说一段台词，说台词的时候他声音很轻，人离我非常近，会认真看我面具下的眼睛，然后我们会相拥着慢慢跳一支舞，他在我耳边继续说着什么，可惜我都没有真的在听。跳完后他对我说谢谢和再见，出于观众最好不要说话的原则，我只是注视了他几秒就出去了，他紧跟在我身后出的门，出门后我再回头看他，他已经进入大厅继续着他的剧情，仿佛刚才什么都没有发生。,28492789,要自由就只有跳,保密,,https://i1.hdslb.com/bfs/face/33345be452fb997561b9021ad9dbfa40c6512400.jpg,8,325,1764389201640
178243604320,0,1690828602,358474760,"二刷开了三个1 on 1
Grace(agnes/de winter/提箱子的女人/穿绿色类民国装扮的都是她），时间在舞会后和敲钟前，从二楼大堂和poter发生争执之后回到小屋的时候邀请。内容：把你拉到衣柜，说起昨晚的梦境（就是女巫从柜子里钻出来放了印有她姐姐照片的怀表），然后给护身符，it will keep u save，目送离开。
nurse，护理员。时间：第一次应该是舞会后，第二次是国王死，第三次国王下葬（这次我没进）。第一次发生在五楼，二三次都在三楼麦克道夫那边的沙发。第一次是拉进去检查身体，啥也没说，好像查出了啥似的她很惊讶，最后还吐出根针。第二次是哄睡觉+讲南瓜头的故事，说有一个人想死，可是死没有那么容易，要吃下金龟子.....小孩吹灭南瓜头里的蜡烛，他才能死。我觉得应该是暗示国王复活。第三次他就不邀请我了呜呜。
        六楼到底是什么时间跟谁上去的呀QAQ好急",13819518,希尔瓦辣丝,男,为了不让此处为一片空白，这句话诞生了,https://i0.hdslb.com/bfs/face/73f20f6572dd29c35f5a233e26411bbbbf1013ee.jpg,9,112,1764389201643
178222538624,0,1690817879,358474760,看UP的视频，兴冲冲点开买票软件。看到差评太多了[笑哭]：人太多了，观感不好，且工作人员态度差……,5833595,思考吃啥呢的发发,女,最近真的不知道吃啥,https://i2.hdslb.com/bfs/face/c7538b74b6e088f9b38aab0223e6573dea83c6ba.jpg,15,89,1764389201646
174966303984,0,1689333210,358474760,跟着女巫头头还会有白蛇传支线剧情，当时看的我很懵[脸红],442939493,____zhy____,保密,,https://i2.hdslb.com/bfs/face/600864d24becfadbff311283506f66db71bc66bc.jpg,5,77,1764389201649
175837363360,0,1689747494,358474760,第一遍选择跟随角色的时候选了自己觉得最帅最有气质的男演员，内心os他一定是男主，然后不一会儿他就被杀了[doge]（嗯，他是邓肯）,40015109,畴昔77,保密,,https://i2.hdslb.com/bfs/face/271734357665be606bc382930633faab931783c7.jpg,2,53,1764389201651
180077883088,0,1691646041,358474760,玩过，上海某一场，门票贼贵，人也很多，为了最大程度卖门票根本没有考虑过顾客体验，这种场子20人就足够了，再多根本无法抢在前排看清楚戏，更别说和演员互动了。全程我只是感觉我在盲目奔波，没有得到任何观赏体验。因为我是被前男友拉着去的，事先不知道要戴面具，就带了眼镜，结果面具根本带不上，被工作人员一通嘲讽，还被男朋友丢在角落半天不来找我，总之体验感非常非常差，玩回来我就和男友吵了一架分手了。,383875772,请补充维生素A,保密,,https://i2.hdslb.com/bfs/face/d0e6a8c84dd1fa40720d2e1ec32cd4d67dd0f74a.jpg,5,39,1764389201653
180060172592,0,1691640489,358474760,红衣女巫单线进去她会给你讲一个男孩在森林里迷失的故事，红女巫除了主线祭祀之外，还负责白蛇传白娘子化人形的部分，还有蝴蝶梦Agnes去给信的部分（应该是给信吧有点忘了）。红女巫那里可以跟到好多条线,11309488,木泽子苏,女,,http://i1.hdslb.com/bfs/face/8cc563c0c0fbe506cf334e17b76dc9aa2ea7f0f5.jpg,4,31,1764389201656
175011550432,0,1689347974,358474760,感觉要把这个戏剧彻底看明白需要好几刷呀！[打call],484582331,窦小胖啊,女,"80后抗衰养生爱好者 爱说大实话
【母婴 生活 好物 护肤】
一切女性朋友们喜欢的话题",http://i2.hdslb.com/bfs/face/15a96ba202a82a55d15910c17b243f82ad59a31d.jpg,1,27,1764389201657
178810164144,0,1691074647,358474760,女仆和六楼是蝴蝶梦的剧情,167638,小島三三,保密,,http://i1.hdslb.com/bfs/face/5d2c92beb774a4bb30762538bb102d23670ae9c0.gif,9,24,1764389201659
177988788800,0,1690720550,358474760,看了下票价 是我不配,14453128,夏威夷果曲奇奇奇,女,看剧看剧追着追着上班好几年了啊,https://i1.hdslb.com/bfs/face/50b27dda5b94a5ad95d342f863264cf4af89ca1e.jpg,7,21,1764389201662
2590369517,0,1585131783,97607088,咱们再拍一个宣传片里的人都还能看见的宣传片怎么样_(:з」∠)_,383506,SaltedStar,保密,,https://i1.hdslb.com/bfs/face/35234bc7bfb95d9a5efb1ff06d0efc0403c386ae.jpg,0,254,1764389205935
2574560821,0,1584926364,97607088,咱们再拍一个宣传片怎么样,1698092,寂.元,女,啊 没什么想写的(´･_･`),https://i2.hdslb.com/bfs/face/6978e1aeb0300c197ae63466786930a1208549b3.jpg,0,63,1764389205939
2683223500,0,1586415855,97607088,官方账号？？？i了i了[哦呼][哦呼][哦呼],17701604,撕墨丶,男,呸呸呸呸( • ̀ω ⁃᷄)✧,https://i2.hdslb.com/bfs/face/7d5173b5f726b79a0687228cf4e7feab22cd5f06.jpg,0,22,1764389205943
4693765533,0,1623157660,97607088,想知道2021六七月份有没有场啊刚毕业想跟同学看[大哭],43308204,板蓝根烩菜饮料换雪碧,女,超典型INTP，众多吞金兽的重度受害者,https://i0.hdslb.com/bfs/face/f0c517acac7f2043755fda80e287002ff78eb042.jpg,6,17,1764389205946
3275564856,0,1596341384,97607088,为啥我看出了悬疑片的感觉,2302338,楚千流,男,all or nothing,https://i0.hdslb.com/bfs/face/e4ceb4b808a06b045bfcaf42620eda18e7f1255f.jpg,0,9,1764389205950
5519035206,0,1633316136,97607088,看原著体验感会更好吗，有些小伙伴表示看不太懂,50363279,张小鹿candy,保密,,http://i2.hdslb.com/bfs/face/0319350a1221f15ee764eab618244b9420e0e3e5.jpg,1,6,1764389205955
2589111503,0,1585118252,97607088,给医院和竹林就两个特写嘛。。。。不要脸的想再来两个[doge],45883455,原谅我是一只吃货,保密,一直在寻人的野生熊猫人，个人势，随便播。。。,https://i0.hdslb.com/bfs/face/9d14aa786a702bc915df6a65b501f51218d06fbe.jpg,0,6,1764389205958
204912959152,0,1706250675,97607088,我以为是……,181758080,爱夕日,保密,,https://i2.hdslb.com/bfs/face/6ae6d5a70d06a17514ac38be9cc2c6137337f350.jpg,1,5,1764389205960
154310486992,0,1677596510,97607088,去之前没看过攻略，一直跟着支线，不过也凑巧遇上支线npc小黑屋1v1,13213164,JS小记,保密,无聊记录,https://i0.hdslb.com/bfs/face/cd04192eb94afb48e4d4fc9a893530bd4fd1b567.jpg,0,5,1764389205962
3827760354,0,1608222721,97607088,超爱！！！还想去,24228834,alive碎塔,保密,你看，世界那么大。,http://i0.hdslb.com/bfs/face/685d3646e2d31762920f7f1b094337f67ce6b471.jpg,0,4,1764389205967
3037553893,0,1592128469,99302518,剧场又开张了，我可以五刷了[滑稽],13939733,GIDOEN1,保密,,http://i0.hdslb.com/bfs/face/member/noface.jpg,0,29,1764389210219
3614132425,0,1603029748,99302518,t天啊up主是神仙！！！！！！！！！！,280527,AkiraSendohR,女,,https://i0.hdslb.com/bfs/face/b93d14009d4a5046853dd47f38928d91c8be596c.jpg,1,4,1764389210223
2987208052,0,1591157729,99302518,aaaa  谢谢UP！！！！！！！！！,1372240,sdcccccc,保密,aku cin ta mu~,https://i1.hdslb.com/bfs/face/cd88d9a7c4869e9030c281a43da5b6f899d587f3.jpg,1,4,1764389210226
4496105688,0,1619860786,99302518,所以请问这个是什么歌曲？？,164910187,--无味--,保密,,http://i1.hdslb.com/bfs/face/5ece6521705a0e027e53d454e5a3a24b92ab0299.jpg,1,2,1764389210230
3311720496,0,1596876921,99302518,6.5时亲密游戏的那个唱歌的人是谁芬尼莫尔吗,44379109,缘系少女,女,这个人很缘，请稍后再拨,https://i1.hdslb.com/bfs/face/ac3bbac10dd2892b789f351f51680c7ac276f2ad.jpg,4,1,1764389210233
204960846224,0,1706271714,241638384,"《不眠之夜》音舞二创活动也同步开启啦！期待大家的花式二创内容[打call][打call][打call]
👉活动传送门：https://www.bilibili.com/blackboard/activity-o5DxbzfXV6.html",32708543,大家的音乐机,保密,音乐区官方账号就是在下！,https://i2.hdslb.com/bfs/face/927600c9ac351375bc63fa6e0ce06e7ed7a8bbd3.jpg,139,39832,1764389214566
215027829440,0,1712014982,241638384,再次重温，流萤说她尝试了十一次都失败了，而这条长廊前面正好有十一个男主，只有最后第十二个男主进入了下一个阶段[doge],1114863532,坡亚,保密,封禁中,https://i1.hdslb.com/bfs/face/9540d30578280b8cc71a87c49a9f5a368166b065.jpg,12,758,1764389214570
205002383856,0,1706288199,241638384,还有这个[打call],349977670,路过的せかいの破坏者,保密,,https://i1.hdslb.com/bfs/face/47cb66aa82e390c434743465edd385100052264c.jpg,32,363,1764389214574
207083135808,0,1707388164,241638384,[抱拳],1326219464,-枪破层云-,保密,,https://i2.hdslb.com/bfs/face/b70da50e7aea6799a28cc234e984a532568e5fd4.jpg,8,116,1764389214578
220659022800,0,1715264489,241638384,现在明白为什么会有一个狗的视角撞米莎了吗？[墨镜],1822671372,爱开联爱喜灰爱国漫,保密,,https://i0.hdslb.com/bfs/face/863e7a6658562ac5685fecda0aad6da6cc106df4.jpg,4,80,1764389214581
215501698112,0,1712292698,241638384,00:42 那一段男主一共出现了十二次，2.1剧情里，流萤说受到了11次阻拦，真的细啊米桑[笑哭],101162064,多喜多郁代,男,鹿野牧,https://i0.hdslb.com/bfs/face/d5366578a5c4a62bdc44fd88750cfb619f85af54.jpg,0,94,1764389214587
205201374704,0,1706414563,241638384,到我啦[胜利],237267621,珉民泯,男,,http://i0.hdslb.com/bfs/face/ef2ebd34d7cef4f99be824bb8c1139b1abf8885b.jpg,15,122,1764389214590
228309740672,0,1719411249,241638384,哦？,1718823941,bili_1718823941,保密,"∅ billbill机构认证:广州厍浴科技有限公司官万账号
一起来创造库浴世界吧！",https://i0.hdslb.com/bfs/face/member/noface.jpg,2,57,1764389214596
229440571136,0,1719996287,241638384,这！都！是！神！么！,1064655713,账号已注销,保密,,https://i0.hdslb.com/bfs/face/member/noface.jpg,4,49,1764389214602
207851760848,0,1707809541,241638384,好喜欢流萤啊啊啊[给心心][给心心][给心心]（不太会涂色）,524715264,离煙,男,???????????????????,https://i0.hdslb.com/bfs/face/ec96b6025f396a0d4f05158ee8be376881e29537.jpg,1,43,1764389214608
1081255943,0,1537527908,17933959,原来my funny valentine 还可以这么改编啊………太好听叻,2453452,上假船倾家荡产,保密,nothing interesting,https://i1.hdslb.com/bfs/face/243ba799d7b2d30613ade6879b3658f04abba813.jpg,0,18,1764389218879
805121419,0,1527420736,17933959,两天前刚看完的我激动到爆哭！请问up知道最近演标本师的小哥哥是谁嘛(=・ω・=)谢谢up爱你mua,6968586,lunacicada,保密,"Last time I saw you, we just split in two",https://i0.hdslb.com/bfs/face/c31d38d94186eed46efa032c78788a7e0acf3e9c.jpg,5,12,1764389218886
841117825,0,1529134387,17933959,每天看五遍👌,4518141,热心网友小雀,保密,喜欢这种感觉吗妹妹,http://i0.hdslb.com/bfs/face/5389f7ecdbf8b3de95340506d3b00c4fd2258fcd.jpg,1,9,1764389218892
720229258,0,1523067620,17933959,赞美up主：,13389675,mellow_melody,保密,"无业游民
顺便看看@SSBS微电影社 有一些我高中参与拍摄的视频。",https://i0.hdslb.com/bfs/face/9b8b5f8d2339a65951b1fb528d1f54608f0f9ae8.jpg,1,9,1764389218899
4451277539,0,1619086708,17933959,开头的提琴爽死我了。这是官方自己改编的吗？,1885451,Braimbo,男,我就爱看电影！别叫我停下来。,https://i2.hdslb.com/bfs/face/41cbf693578368ad21851c8e9edb55b287022929.jpg,8,4,1764389218902
607248651,0,1517302545,17933959,太太！,223346,蜀黍YEAAAAAAAH,女,毎日通報しています,https://i2.hdslb.com/bfs/face/aa39609d3134d32103aedaa72224369eb17a87cd.jpg,0,2,1764389218906
1867503246,0,1565756088,17933959,申霓姐姐太棒了！,101227051,月暗孤火,保密,Theatregoer/FC Bayern,https://i1.hdslb.com/bfs/face/967f3efd031377e943977ab13bfeeb2139ece526.jpg,0,2,1764389218907
745938455,0,1524417272,17933959,阿婆主！特想知道这舞最后endding pose 最右的男的是谁！看了一次snm被迷住了。。演男巫的吧！？,43952195,cyan_j,保密,,http://i2.hdslb.com/bfs/face/55a6c43a0578b0535e4f2e2c26a79baa8e71726a.jpg,2,1,1764389218911
987906765,0,1534125270,17933959,前排拍摄好评！( ´_ゝ｀),5353,Evan艾,男,因为喜欢给自己看得重的朋友灌正能量无酒精气泡茶，所以朋友越来越少也越来越好~多谢亲友们不离不弃~爱你们~,https://i1.hdslb.com/bfs/face/61ebd06c7cd6e845b0a8b27a2bacd7c410230ea0.jpg,0,0,1764389218916
610141583,0,1517460147,17933959,爱你！！！！阿婆主！！！！！ε=ε=(ノ≧∇≦)ノ,435883,薄荷m草,保密,,https://i1.hdslb.com/bfs/face/a41576da20162ead0cc42a1a755f609db140ae81.jpg,0,0,1764389218917
133886708416,0,1665931640,858574393,不眠之夜唯一的缺点是—————贫穷的我[doge],24244377,大侦探波罗的海,保密,飞越牢不可破的黑暗，潜入星群的领地。,https://i0.hdslb.com/bfs/face/bb97e9a749a9ea2b37b807aacebf82436f9bc719.jpg,1,56,1764389223191
174945614816,0,1689326242,858574393,其实现在中国的沉浸式剧场已经发展的非常离谱了，设计师会基于人的五感 视觉 听觉 嗅觉 触觉等开发各种效果，甚至有人把剧场塞入杜比7.1声道让人身临其境。作为一位密室机关设计师真的很惊叹这些年的行业发展,11126359,膏小道,男,"密室机关师
摄影师",https://i1.hdslb.com/bfs/face/eb3cfa3eb6329c1f17565cc2527751d132844164.jpg,4,52,1764389223193
134527086320,0,1666416279,858574393,2017年590，2022已经650了[大哭],23339649,ChuengEric,保密,,https://i0.hdslb.com/bfs/face/50c34ff58616fed6a7b58ef8c2735649c7d9e290.jpg,7,18,1764389223198
134147584400,0,1666146495,858574393,犹记得当年麦金侬试演的时候去看，惊奇的体验[笑哭]那时候还有福利票，呜呜呜回不去了,11338727,肥圆场域,男,这个人很神经，什么都没有写,https://i2.hdslb.com/bfs/face/b3dd8319b3fa53fbb69d68c23f3650c28476eebd.jpg,0,9,1764389223201
143978769120,0,1672218478,858574393,已经快50刷了[吃瓜],512820394,闾山咒术师,保密,,http://i1.hdslb.com/bfs/face/85f118bf4459abe7d0dcd6a3b64af37ff3e439e1.jpg,0,4,1764389223205
188382111744,0,1696225422,858574393,哇，从别的up主那看的都是游玩者“行外”的视角解说和安利，从up主这看到一个本身从事这个行业或和这个行业相关人的视角听又是一种新的感觉，up讲和前同事的趣事也觉得好好笑哈哈哈，希望能听到更多up主的分享！[星星眼][星星眼][星星眼][星星眼][星星眼],1333890730,鳢鳥,保密,桃桃,https://i1.hdslb.com/bfs/face/0b6babb147005ff69b88978a8dc600239cab8c7d.jpg,1,3,1764389223210
132331212288,0,1664812144,858574393,哇！有机会一定要去看看！[星星眼]感觉好好玩！,27292287,叨叨叨ddao,保密,视频均为转载,https://i0.hdslb.com/bfs/face/905eb88f810d383eb687291449c71835711e3990.jpg,1,3,1764389223214
138454951088,0,1669013840,858574393,好神奇我感兴趣的up都出了！！,24352860,汤汤Tangsy,女,微博：是桃酥耶,https://i0.hdslb.com/bfs/face/ee896d1673a9da5a201f75cc1fb09b798d1e831c.jpg,1,2,1764389223217
256208253665,0,1741100369,858574393,会有激情画面吗[笑哭]打算和不合适一起看激情戏的人看,151095683,乙醇蒸发焓,保密,,https://i2.hdslb.com/bfs/face/49ecb0ef395cfe630e6018d856e54aec57e82d48.jpg,0,1,1764389223220
241379162113,0,1725503933,858574393,看这个介绍为什么感觉和血源诅咒有一样的味道（）难道和魂有着一样的内核,700086984,去了吗不会,保密,,https://i0.hdslb.com/bfs/face/member/noface.jpg,0,1,1764389223223
213856893392,0,1711295112,1202116307,上歌单，找找不眠之夜在哪[脱单doge]（从下往上看）,1212609282,张杰是双开门旺仔,保密,,https://i0.hdslb.com/bfs/face/b33a7da9a5f572b33829536513eb74a672a4a1f8.jpg,11,172,1764389227582
213598673616,0,1711168134,1202116307,能听得出来唱累了（哇靠一身汗停下来就开始喘）但是大体还是合格的（转音水准还是在线）看到有粉丝说这是唱了仨小时四十多首歌了……不是这是什么铁人挑战极限的节目吗[笑哭],1786062,蓝牙连接已断开,女,,https://i0.hdslb.com/bfs/face/70d41a4fa726730046d17a3f1b772eb25ef0d3c3.jpg,20,10023,1764389227585
213650940176,0,1711190972,1202116307,"：“这唱跳有明显状态下降啊”
：＂这是张杰演唱会🎤的第43首了”
：＂啊？”
那怪不得",341112698,繁者_依旧,男,"以你为始，以我为终。
你曾经扔出的纸飞机，总有一天会飞回你的手里",https://i2.hdslb.com/bfs/face/a16d0fd7d1188c2bae738899f2ba1121ba605212.jpg,17,8498,1764389227589
213586612368,0,1711163312,1202116307,这是唱了三个小时 逆战着魔孤勇者赛尔号为你而战后 马上唱的不眠之夜[吃瓜][吃瓜]太牛了,90374323,哈哈听听听,保密,永远年轻 永远骂人难听,https://i1.hdslb.com/bfs/face/e21de5937de0f6a19a8f16b571d3a0927cf11125.jpg,17,6718,1764389227597
213611702784,0,1711173374,1202116307,什么演唱会四十多首歌[笑哭]演唱会还是极限挑战啊[笑哭],4488095,早上好章鱼哥,保密,查成分吗？算你赢了,https://i2.hdslb.com/bfs/face/4c6a6cd5a3cdd958c9e6595369359b0a4853a980.jpg,27,6745,1764389227601
213632678048,0,1711183509,1202116307,有些人别太严格，还拿韩团唱跳和张杰比。他一个人唱，这里是已经唱了三个小时43首歌了，而且他很多飙高音的大歌很耗机能的，边跳还能唱出这样live现场，已经非常非常厉害了。很多那些韩团爱豆演唱会，唱跳一听就是半开或者微开麦的，唱的部分开大量人声预录，然后自己喊几句麦，真以为是全开麦了？[疑惑]有些人对于张杰这种垫音几乎没有，实打实肉嗓全开麦唱跳的真实现场失去判断力了,24852827,往後jess11,保密,每天看看plmm，心情舒畅,https://i2.hdslb.com/bfs/face/b0d77b2a759688c895fcbce848babf020178aaaa.jpg,88,13331,1764389227603
213618045424,0,1711176353,1202116307,少挑剔点张杰吧，说实话纵观整个华语乐坛像他这样能唱会跳长相不赖身高达标还有一大堆代表作的有几个哦[辣眼睛],281135818,管你啥事啊做个人,保密,,https://i1.hdslb.com/bfs/face/5999f79646ad0f5aa301a3627ca7c4e59566f83e.jpg,55,5934,1764389227608
213632226032,0,1711183322,1202116307,这还不牛？！本路人都要说一声牛逼的……他这个动作幅度和力度，不爱锻炼的别说气息稳定了，不喘就不错了（来自天天帕帕的运动业余爱好者,4668697,六嘿,男,,https://i1.hdslb.com/bfs/face/c17f80de57508ad563942ae57de3e2b786428fe9.jpg,3,4574,1764389227614
213579738000,0,1711160125,1202116307,张杰体力是真的好啊,87351068,黛力新讲,保密,,http://i2.hdslb.com/bfs/face/f899e55f44e90cc5ac44e9d26194175aaf17db9f.jpg,12,3772,1764389227617
213587076752,0,1711163500,1202116307,最后一个动作应该是砂金抛硬币嗷[doge]耳麦真是限制了完全体张杰哈哈哈哈哈哈哈哈,357970789,是小松吖_,女,,https://i1.hdslb.com/bfs/face/42d9e67694f2865341e57baa59a8df1f6fcf95ea.jpg,7,3495,1764389227619
186542447744,0,1695092462,787796455,你好，10月底我可能会去看，现在还有电梯入场是吗,10811,锌汞构造体,男,,http://i2.hdslb.com/bfs/face/0b10f822a7a1474793084394a4cd81ea17f904e1.jpg,1,0,1764389232061
183347848000,0,1693182891,787796455,大家跟的角色不同，看到的都会不一样噢[doge]所以我的不眠之夜仅供参考，欢迎小伙伴跟我一起讨论剧情！,40153516,肖邦邦_,保密,没有人比我更会积极地摆烂,https://i1.hdslb.com/bfs/face/e148888c7bf7b251b1297d971e49cdf2ef057888.jpg,0,0,1764389232073
183322535984,0,1693153556,787796455,[打call],18732503,魔鬼翼MH,男,,https://i2.hdslb.com/bfs/face/e1d7049d42936f0dddccbf9bdae67526866a8657.jpg,1,0,1764389232080
183319829696,0,1693152417,787796455,呜呜呜呜呜呜这个字幕有点不太行,40153516,肖邦邦_,保密,没有人比我更会积极地摆烂,https://i1.hdslb.com/bfs/face/e148888c7bf7b251b1297d971e49cdf2ef057888.jpg,0,0,1764389232089
132039925360,0,1664627293,345924513,在床底下看过爆闪的人表示真的看不清，只能看到他们的脚走来走去，能隐约看到他们在检查白娘子身体。因为之前红衣女巫的小弟劝白娘子的雄黄酒里被其他的角色还加了药（具体是谁我就不剧透了），然后后面白娘子就变身口吐黑血了（床底能看到她被护士按着然后在抽搐，后面我又跟了许仙我才从正面看到她口吐黑血，蛮震撼的）。看得最清楚的是，许仙吓晕过去，他倒下的位置脸正好朝着床下的我们，然后有轻微的朝我伸了手，我在床下还试图去够一下他的手。,3196659,゛刘泡泡丶,男,,http://i0.hdslb.com/bfs/face/5552ea6bc1264fab99ec40499e39e33ac0788b62.jpg,4,63,1764389236549
184134262144,0,1693586366,345924513,"【听歌识曲成功】
音乐名: DICE
歌手/作者: NMIXX
专辑: ENTWURF
识别时音乐已经播放到: 00:12 (总时长 02:45)

@爱你就像hoshi- 触发了听歌识曲, 触发方式是 @有趣的程序员 听歌识曲",234978716,有趣的程序员,男,大厂程序员，已开启AI听歌识曲、视频问答、视频总结！触发功能请关注后回复@有趣的程序员 听歌识曲、总结一下、问一下+问题,https://i2.hdslb.com/bfs/face/5911d694c5cdff8cd7172b887fc85af5a5a342ba.jpg,0,9,1764389236562
222098670480,0,1716048870,345924513,"Speakeasy、Danvers、Hecate、Porter、de Winter、Fulton
不好意思，可以问一下up这些都是什么意思吗，第一次看，网上搜到这些名词但都不知道什么意思对应什么角色，麻烦up了[大哭][大哭]",28104853,猫碗鱼,女,你是人间四月天,http://i1.hdslb.com/bfs/face/c0da38f75c0d60c11c3303ec92fff423baac0147.jpg,1,6,1764389236572
167008765856,0,1685081392,345924513,理信那个外国女生是绝世美女,1793335573,稀罕肖战,保密,颜控，洁癖，超爱享福,https://i1.hdslb.com/bfs/face/58ba4b40407aec712ef985fe4ac3e9e1ad3b23e1.jpg,0,6,1764389236587
188506335536,0,1696301319,345924513,这个bgm选得好，心跳更失常了[呲牙],25387558,祺祺小羊,保密,,https://i1.hdslb.com/bfs/face/aa91794ff54c2e1f11fdc8f74c4b6dc3ed39284c.jpg,0,1,1764389236597
184134200864,0,1693586339,345924513,@有趣的程序员  0:01听歌识曲,51980308,爱你就像hoshi-,女,,https://i1.hdslb.com/bfs/face/a9f3ba5124b410022f509f5511f711bc9c278261.webp,0,1,1764389236607
252177867424,0,1736665065,113588748419742,药铺里面观众被拉着走来走去是整部剧最长的1V1，涉及三个角色，酒保，标本师和曼德雷酒吧叫号的一位主人，很好玩的，你们下次可以试试（？）,438338643,林xiaoyu,保密,,https://i0.hdslb.com/bfs/face/3233fbf0b6fdbbb45a57ef829711fcb02856466b.jpg,3,7,1764389241076
250069127744,0,1734562368,113588748419742,怎么说呢 有好几处说错的 想要了解这部剧只看一两遍肯定是不够的,2068882189,今晚又被夺走了睡眠,女,"in dreams,I do return ",https://i1.hdslb.com/bfs/face/4bd586072b8f68bdb30d4c43d3a97c73ff8613ac.jpg,1,4,1764389241085
252177277536,0,1736664715,113588748419742,只有22个角色，每场21个演员，其中一个演员分饰两角色：电梯员和matron。既然叫全面分析了，这种基本信息还是要说对吧，不然很容易误导还没看过的观众。,438338643,林xiaoyu,保密,,https://i0.hdslb.com/bfs/face/3233fbf0b6fdbbb45a57ef829711fcb02856466b.jpg,0,3,1764389241094
228835640272,0,1719676446,112683131145489,"第一次看字慕卡点消失的版本。[吃瓜]
支持！[打call]
简介有点东西[doge]",1460053541,bili_91032485186,男,,https://i2.hdslb.com/bfs/face/fb79103e8b33547023e2010030b6889bba2b49bf.jpg,0,67,1764389258539
269218195728,0,1752847859,112683131145489,愿此行，终抵群星,3546695312869713,原汁原味的散厨,女,最爱散宝了！(原神启动),https://i0.hdslb.com/bfs/face/5d61f58d883ac367096d0245f4d4155872314600.jpg,0,33,1764389258549
267123774176,0,1751222211,112683131145489,还是那么好听，那么嗨。劲爆。[打call][鼓掌][星星眼],3461577007171714,京剧小先生,男,用实话告诉你，什么是真什么是假。证据摆在你面前,https://i1.hdslb.com/bfs/face/50321dc0658eba2e085e4e7dd2911ceae8982baa.jpg,0,19,1764389258556
228303764816,0,1719409097,112683131145489,愿此行，终抵群星！[脱单doge],535435537,须臾是何年,保密,,https://i1.hdslb.com/bfs/face/01d26e7e653e123ed3c91c369222a432aa9060c3.jpg,0,13,1764389258568
266083633825,0,1751271541,112683131145489,哎我真服了直接搜名字也不让看搞什么啊[灵魂出窍],1169569953,活死人是如何练成的,保密,,https://i0.hdslb.com/bfs/face/b68471d55706d4c8f8c76f34af60e9a5bc2dff23.jpg,0,9,1764389258575
264489579792,0,1748867145,112683131145489,加油哦，up主🤓👍,3546887869171903,小乖咪xgm,保密,,https://i1.hdslb.com/bfs/face/a3c1b340d001e2834f22d1d877fc003ce3d62475.jpg,0,5,1764389258583
268497130848,0,1752328880,112683131145489,跳起来了[doge],1817410128,北长尾山雀yi,保密,我的人生我做主，指手画脚尔入土,https://i0.hdslb.com/bfs/face/0343ea292b984da62059f3f4d2184cbf3001fa61.jpg,0,4,1764389258592
276487839904,0,1758251970,112683131145489,砂金战绩加盾=花火战绩增伤[吃瓜],3546392110827621,单殺永远愛你,男,哔哩哔哩新用户,https://i0.hdslb.com/bfs/face/bca3b960990b7bcb4008a1a62030d1eb1d075bbe.jpg,0,3,1764389258602
260621279904,0,1744901853,112683131145489,支持 早日火！！,3546378305276431,莫西莫返M,男,,https://i1.hdslb.com/bfs/face/c221344727166429014840ad0c83ad69cda84787.jpg,0,3,1764389258613
275802087041,0,1758939919,112683131145489,愿此行 终抵群星 于朦胧,393480064,llillni,保密,会有点小新奇,https://i1.hdslb.com/bfs/face/a5ee27a085ab8391f37859b590a8dc67c3b80e1f.jpg,0,1,1764389258623
262994915505,0,1748426185,113996904536945,好神奇啊，为啥用手机看那种抽帧的感觉就不强烈了呢[116小豆丁表情包_惊讶！]现场看真的很像王家卫电影的感觉,8842062,地中海的谢广坤,保密,"we only die once,we live everyday",https://i0.hdslb.com/bfs/face/7dc1e2fb1a409bfca4a8947fd97ed81ae0aacf6a.jpg,9,6,1764389263084
255776090305,0,1740659118,113996904536945,哇这直接三巫献祭啊,1296076279,笨笨米,保密,,https://i1.hdslb.com/bfs/face/8dd9842b79d3fa51ffa95c82010a8cc38eb5e77f.jpg,1,4,1764389263096
270851597361,0,1754839248,113996904536945,今天刚看完，三巫祭祀只赶上一场太可惜了，还在戒断反应看到up的视频缓解一点,11825175,希美的蓝锥玩家,女,,http://i0.hdslb.com/bfs/face/55b82968bba20b1a1667ca5a6b549fdde143c8b5.jpg,2,1,1764389263103
251085072464,0,1735575493,1904295729,up～有推荐的攻略吗？～,551527902,哒啦叮哒,男,,https://i0.hdslb.com/bfs/face/79cb04cf7ce6446a7ef1be0db40a63d897042f0a.jpg,1,0,1764389267491
232227097632,0,1721307734,1904295729,哇哦！5.8的一周前，那我们应该同场了！那几天真的常常350人满场，好多人啊[大哭],438338643,林xiaoyu,保密,,https://i0.hdslb.com/bfs/face/3233fbf0b6fdbbb45a57ef829711fcb02856466b.jpg,2,0,1764389267501
222098710032,0,1716048919,1904295729,"Speakeasy、Danvers、Hecate、Porter、de Winter、Fulton
不好意思，可以问一下up这些都是什么意思吗，第一次看，网上搜到这些名词但都不知道什么意思对应什么角色，麻烦up了[大哭][大哭]",28104853,猫碗鱼,女,你是人间四月天,http://i1.hdslb.com/bfs/face/c0da38f75c0d60c11c3303ec92fff423baac0147.jpg,1,0,1764389267510
1521043508,0,1555000493,38480508,up主太棒啦[大哭][大哭][大哭],99447156,半糖去冰柠檬茶,保密,,http://i0.hdslb.com/bfs/face/781dcdf630138dc6bf4c24731b7de1b482e21f95.jpg,0,0,1764389271886
1462562857,0,1552832337,38480508,请问17里面那个黑脸男的是谁,124085899,账号已注销,保密,,http://i0.hdslb.com/bfs/face/member/noface.jpg,0,0,1764389271899
1260023934,0,1545708243,38480508,爱您！感谢～,18674,bluebird0707,保密,,https://i2.hdslb.com/bfs/face/5a2b69928bd2b284d7f789a8c216c0dc7f5054d4.jpg,0,0,1764389271908
1253494994,0,1545439273,38480508,感谢up~ 总算等到了,5026949,-探陵,保密,,https://i2.hdslb.com/bfs/face/bd430a2f92e614e358f38346d9ae0caa2e1f3c03.jpg,0,0,1764389271917
205521793488,0,1706591594,239483355,张哥去欣赏一下崩三的新曲,1891343099,chocolate_OREO_,保密,,https://i2.hdslb.com/bfs/face/8fe82ccecda78c8519cc1ca2d721e3ff5c712ca3.jpg,1,81,1764391386208
205435330096,0,1706534707,239483355,弹幕里说词拉低水平的，首先这是一首游戏的op，其次歌词主要是为了服务游戏的新章节剧情，隐含了大量信息，我只能说无论是首歌还是张杰，都完美得一批[微笑],8254132,冰甜不碰,女,不爱吵架，你觉得你对就行,https://i1.hdslb.com/bfs/face/bc5a03b8be23dc507baef4fead9a4c26bc078688.jpg,130,26336,1764391386217
205434605968,0,1706534435,239483355,别说歌词拉低水平了，这次的歌词是真的强，四种语言，每一个的歌词都不一样，表达了角色的不同视角，和剧情强相关，很有水平的,474913379,捍卫世上的美,女,每个人都有对事物不同的定义和看法～,https://i2.hdslb.com/bfs/face/0c52bd06c7ccbfa52f41842d98c531ffc63e7b63.jpg,167,12760,1764391386224
205429573952,0,1706532519,239483355,米哈游高层绝对有爱音乐的人，他们主营业务不靠音乐赚钱，但每次在音乐方面都出奇地用心,40801296,thewayyouare_,保密,,http://i0.hdslb.com/bfs/face/b18eb2ddd8e9c16bce8050b02762ea5836d6718a.jpg,64,13450,1764391386232
205440425664,0,1706536558,239483355,不眠之夜的韩文版爆杀现在90%kpop念经曲[OK],1959099243,旁白桑并不爱说话,保密,,https://i0.hdslb.com/bfs/face/1ae09504dda64c14091f5b0480a78ce7168fb55a.jpg,29,10113,1764391386239
205409394560,0,1706524919,239483355,张哥要不做一期米哈游音乐的综合锐评吧，他们家的音乐真的水平都相当高，官方找的演唱歌手也都是超级高手,13014583,Hazard皓晨,男,,https://i1.hdslb.com/bfs/face/f8d08d22673a451c56198bbc67e5219fda0d07e8.jpg,164,10374,1764391386250
205436528128,0,1706535138,239483355,"小学玩赛尔号，主题曲张杰唱的
初中玩逆战，主题曲还是张杰
大学玩星铁，主题曲还是张杰",272285211,叱咤虫虫电电龙,男,知更鸟小姐宇宙第一可爱,https://i0.hdslb.com/bfs/face/f2b48ed027ac8d75367bd316d2244f90bb06d55e.jpg,48,6955,1764391386258
205404678848,0,1706523179,239483355,这些游戏公司一个个做的比某些所谓的音乐制作人好的多得多,474509669,Patrick_amour,保密,,https://i2.hdslb.com/bfs/face/4f0c0ae72bee67f26d9853a07bed0a799561171a.jpg,100,6807,1764391386268
205402744496,0,1706522472,239483355,世界是一个巨大的星穹铁道......,13072123,侃侃o-o,女,这个人不神秘，但没什么好写的,https://i1.hdslb.com/bfs/face/48269d219ebc6a4611abbece720bf6c30c1236a7.jpg,31,7916,1764391386276
205469471776,0,1706548830,239483355,张杰这个人声好厉害，好多细节，混声用得好好，真假音结合得刚刚好，听起来层次感很丰富。,27399180,步安定休眠期,男,[女爱豆全肯定],https://i0.hdslb.com/bfs/face/cc79e42f3d9729ea4269816e0189b72bea08e53a.jpg,10,5356,1764391386284
254260040,0,1494230112,9932474,男巫超级撩的有没有！撩全场简直是！还有男仆与男巫之间的线，三刷时我要追男仆，王子和麦克道夫夫人！,6289152,珍妮罗圈豆,保密,永遠快樂 永遠自由,https://i0.hdslb.com/bfs/face/adaed79f6ba3620afb9bf4ff689103af5b008e34.jpg,4,42,1764391390795
4525721228,0,1620328885,9932474,"【剧透小黑屋剧情】
进屋之后,他关上门,此刻的房间属于我们两人,他帮我摘去面具(因为我带了头饰,面具卡住了,他取了好久哈哈哈)他比我高半个身位,他低下头,仔细研究着,解开缠住的头饰,取下面具,示意我坐到旁边的沙发.
面对镜子,他斟了一口酒,之后眼神凝聚,向我走来,坐到我身边,拿起我的手,看了看我的手相,望向我,用充满磁性的声音问道:“你还记得吗？”我疑惑地看着他,不敢出声. “詹姆斯，在海上航行。”说着,一直手拖住我的手,另一只手往我手上放上了茶碟和茶杯,并满满开始斟水.“在回去的路上，遇到了一场可怕的暴风雨。大海很汹涌，他们以为自己会死。”拖着我的那只手掌开始颤抖,茶杯里的水如海浪开始波动.“有一艘船与其他船分开了。它被抛在风暴中”说着,他拿起一直纸叠的小船扔进杯中,“直到最终”抖动幅度越发增大,小纸船在杯中显得如此无助“它沉了。”话音落下,水洒落一地,他放下茶杯,抓出小船放在我手心,两手紧紧合住我的手还有那只船,双眼从未离开我的眼.“现在他们说恶魔控制了船，这就是导致船沉没的原因。”语气中流露出一丝神秘,话锋一转“但我们知道发生了什么 他嘴角上扬,神秘一笑”难道不是吗""他凑近耳畔,有力地说出“黑暗”瞬间,屋内灯光全灭,他站起身,双手把我揽入怀中,领我在黑暗中走进另一个房间,屋内音乐刹变,有强风刮来,雨水洒落在我脸上,他的手臂半环绕着我,领着我前后摇摆,此时的我们,正如身处那只在海上的风浪中无力的船上,风雨之大,海狼之猛,我们是那么渺小.混乱中,他在我耳边说出''所做的，就是很好 之后帮我带好面具,把我推出房间,重新送回麦金侬的人群中呜呜呜和亚当格里菲斯超帅演员的好的，哭了,今天获得4次黑屋",478421320,这这这这这着,保密,,https://i1.hdslb.com/bfs/face/312a38f1a8e64fd0980dfa13eb63b7c54f8b9c61.jpg,1,27,1764391390806
279793730,0,1496982515,9932474,10月份妥妥的去二刷三刷！！！第一次刷拿到了麦克道夫夫人的1V1骄傲的飘过！！,280896,两百斤重的大寿桃,保密,看动画会产生奇怪的脑洞。,https://i0.hdslb.com/bfs/face/1c21448242d7c47a59d928289b3b2e670a60912b.jpg,0,18,1764391390815
2705339924,0,1586698513,9932474,小姐姐！看这个戏剧需不需要提前去做什么功课呀？比如看一些名著，了解一些文化背景什么的呢[微笑]求回复啦啦啦～[喜欢][喜欢],14661570,桃果圆噜噜,女,游戏为个人空闲爱好，并非工作主业，佛系更新请谅解,https://i0.hdslb.com/bfs/face/168f7df1d15b3c7447862bfeabab7aeee4e3d77c.jpg,2,6,1764391390825
1205839420,0,1543237882,9932474,我大概遇上和up同一个小黑屋了？也是感受了风暴和给了我茶杯和纸船，我一直不记得他是谁！  在把你拉着跑之前，他是不是把嘴角的酒擦到你袖口了，他到底是谁啊！,58632088,玉子烧的小螺号,男,,http://i1.hdslb.com/bfs/face/2d3c77516739ec2326966ace9fb415c2c6e259ab.jpg,0,4,1764391390833
3249553355,0,1595932742,9932474,想问想问他说英文要回复他吗，还是不说话就好啦,275625175,仙女烟烟,保密,,http://i0.hdslb.com/bfs/face/member/noface.jpg,1,3,1764391390841
830229746,0,1528628083,9932474,小姐姐太可爱了哈哈哈哈哈哈哈哈哈哈哈哈哈哈哈哈哈哈学演员回头的那段好厉害23333333,23505854,Moore波波沙,保密,,https://i2.hdslb.com/bfs/face/aa801c865c01fc9a77fc3130b767779dc80aab5f.jpg,0,2,1764391390857
239519485,0,1492521529,9932474,感觉很棒！,13242957,池中鸯,保密,,http://i0.hdslb.com/bfs/face/8b70da8c696fecab3d71ea8185791213bef815b3.jpg,1,2,1764391390867
239515915,0,1492521251,9932474,三楼被我吃了，惊不惊喜？！意不意外！？,26556257,别看我拉屎呢,保密,Hopefully behind the clouds ,http://i2.hdslb.com/bfs/face/c6dec97ada93f98546a03515475d0a2a15d3db88.jpg,2,2,1764391390883
239507862,0,1492520616,9932474,第二_(:з」∠)_激动～(￣▽￣～)~,20573268,-鱼晚落----,保密,,https://i0.hdslb.com/bfs/face/362afcc43e5f5722fde8a3728c8d1fe2ac940ffa.jpg,1,2,1764391390892
217497979792,0,1713459773,1853414828,另外从来不觉得炫技是该被diss的，有技才能炫，你不炫是你不想吗？顶尖技术请哥多炫，歌迷爱听，听众爱听。某些人想用这点来找存在感也找对地方吧[喜极而泣]常规操作说是炫技是想让张杰歌迷爽到吗~,32589672,半颗柚子__,保密,,https://i0.hdslb.com/bfs/face/ac70a5b3ad325455186c446b3a32635ef6005ac9.jpg,15,1383,1764391395349
217425759568,0,1713429297,1853414828,我的视频[喜极而泣],333858703,JASON-张杰音乐馆,男,头顶着月光，跟你去流浪@张杰,https://i1.hdslb.com/bfs/face/48ef57639ab9a4c1099e9badc14a70d335226438.jpg,6,954,1764391395360
217341680640,0,1713367755,1853414828,全开麦唱跳，我那快42岁的全能ace型爱豆[doge],514440240,今天你唱C5了吗_Jason,保密,林俊杰张杰vocal粉，普通Vocal粉。只关注歌手唱功，没有实力的歌手在我眼中就是p,https://i0.hdslb.com/bfs/face/f2b350afb912ac1b8bfeec0ffe1ba9476acb35ed.jpg,7,756,1764391395371
217344074096,0,1713368803,1853414828,最神奇的是从上海到南昌，能明显看出来他一场比一场更好，能录音棚拿下这首歌已经很难，能完成现场更难，能加上舞蹈唱跳更更难，而他在这顶级难度的基础上依然在不停的给自己打补丁找进步空间。其实对于歌迷来说，倒是应该习惯这就是他的基操，不然那个04年已经惊艳全场唱功足以秒掉多数业内的外南街小孩，也不会长成今天的live王,29678603,小老西儿,保密,,https://i2.hdslb.com/bfs/face/d659c33557b64da55888f103699f3c314e94f081.jpg,0,746,1764391395380
217502247712,0,1713463128,1853414828,啊，这算杰哥炫技吗? 他真正炫技的歌比这难多了，说实话各种技巧已经是融入骨血了随口唱唱就出来的，可能他自己都认识不到在别人看来是炫技[脸红],518725930,疯小小兮,保密,哪一种沉默适应了时代,https://i1.hdslb.com/bfs/face/740a2000a5bb2ab0c37dd7c59e38163f08b81427.jpg,3,693,1764391395390
217341018496,0,1713367544,1853414828,马上就要步杰哥后尘上台表演这首了，担心上台就翻车[笑哭],2028318796,白日天天bht,男,"昊天舒白日，灵景耀神州。喜欢唱、跳、rap、篮球(如有雷同纯属巧合)、中医、历史、时政、诗词、Mihoyo…
天耀中华，共赏俗雅，且听高歌！",https://i1.hdslb.com/bfs/face/6df1acd8344b383ab9b4fc145f9b3704ef38c45a.jpg,20,573,1764391395397
217393190736,0,1713412686,1853414828,站桩唱都容易现场出车祸，更何况他还是边跳边唱，简直稳得不是人[笑哭],647351437,天天天蓝ptt,女,爱生活爱音乐,http://i1.hdslb.com/bfs/face/788e121c313532009894b4863820922c76a25362.jpg,1,461,1764391395403
217388525872,0,1713410362,1853414828,啊，这就是部分人口中的“偶像派”“小鲜肉”歌手吗？,3839305,十六夜と月兔の約束,保密,是百合，我在里面加了百合,https://i1.hdslb.com/bfs/face/d161638c2f0e935e12e70dfec909ed57f98fcbd8.jpg,29,294,1764391395411
217638552448,0,1713542505,1853414828,vocal粉真的爱死了张杰，唱歌技巧那么全面还那么稳，张杰难度不高的歌也不少一堆被人洗脑的人还跑声乐up这来哔哔[偷笑],313169120,秋昊瑜,保密,,http://i2.hdslb.com/bfs/face/f64649ff52502fba60fc9d8b924e7d03497981ca.jpg,4,286,1764391395417
217401193056,0,1713415917,1853414828,能和不眠之夜一站的张杰现场只有张杰的《做梦》，呵可惜只唱了一次现场吧没记错的话。感觉这首歌永远不会再唱了，呵。🥹一个怨念。,18010286,优雅的巫,保密,,http://i2.hdslb.com/bfs/face/da298245d1ab70645f8b130149577ac2a4a4cfbd.jpg,6,248,1764391395424
132453462048,0,1664894726,770612747,对我来说最难的是眼镜。。。,24244377,大侦探波罗的海,保密,飞越牢不可破的黑暗，潜入星群的领地。,https://i0.hdslb.com/bfs/face/bb97e9a749a9ea2b37b807aacebf82436f9bc719.jpg,2,73,1764391399903
119215717344,0,1656830700,770612747,二刷的表示非常值得一定要去 准备三刷了 触发了五次1v1,1890407,然柯kk,女,"全网同名 努力日更
⭐7.11-13 bw 雷蛇/惠普 无畏契约
⭐8.1-3 芜湖
⭐8.9-10上海",https://i2.hdslb.com/bfs/face/c76f5ebefbf1d35ef873c704591cf55452e27fb9.jpg,1,51,1764391399916
129649625536,0,1662877031,770612747,被放在不同的楼层，可以直接去想去的楼层吗。还有下午场和晚上场区别大吗～,5563154,萌萌哒的小咖啡,男,啦啦啦,https://i2.hdslb.com/bfs/face/2869fab758198fb4734cfb913c65454d2e3ad12f.jpg,1,25,1764391399923
119124840400,0,1656766345,770612747,好像确实能提升一点颅顶哈[tv_doge]哈哈哈哈，真的好想去哎[tv_难过],660347014,TintinYan,男,摇滚、音乐剧和摄影是命。,https://i1.hdslb.com/bfs/face/b9137483066fa93467b95ca8bdd11a4e0fbdf78c.jpg,1,15,1764391399929
119122314608,0,1656765343,770612747,我要去[委屈][委屈][委屈],37867441,-KikiZhao-,女,业余唱歌的法律人｜混音/商业合作/个人委托请发工作邮箱kikizhao00@gmail.com,https://i1.hdslb.com/bfs/face/a8d3a00029bc4b994820d436bee951c4c91915d3.jpg,2,13,1764391399937
119119961584,0,1656764151,770612747,非常实用的攻略，今年要去的，疫情之后想把之前没来得及体验的都体验一遍[喜极而泣]麦克白那段里一闪而过的是肯爵么哈哈哈,9274309,Jengibre,保密,,https://i1.hdslb.com/bfs/face/1d7c48c36dbf2582e6000a2a0bbf917dd4a3f88b.jpg,2,11,1764391399945
131741813168,0,1664422048,770612747,现在门票七八百了,8837648,Lancer541,保密,干杯 ε-(´∀｀; ),https://i2.hdslb.com/bfs/face/8487970f0724d57aa316c7f435522e458b8edf27.jpg,0,8,1764391399956
202765938096,0,1704998233,770612747,普通男孩去会被忽视吗[doge]想体验一下，感觉好好玩，但以前剧本杀都没玩过,1788792114,不做题多年,保密,,https://i0.hdslb.com/bfs/face/f5cb381654cd6893cac58348935eaba35048070b.jpg,1,7,1764391399964
160003915584,0,1681032557,770612747,演员皮肤非常好，蹭到了一下好细嫩[喜欢]看他们亲来亲去好羡慕,170059,AHS放映厅,女,全平台同名，主推各类优秀恐怖题材作品,https://i1.hdslb.com/bfs/face/ef4573d5576707049dda994bdbcd2922d27a1f09.jpg,0,7,1764391399976
154335678336,0,1677619551,770612747,为啥不能戴眼镜呀,1044172762,她说她是喵,保密,当个好人,https://i1.hdslb.com/bfs/face/ed020fcbed639486fe485d2b5a2ded97b380fab8.jpg,1,7,1764391399983
204960846224,0,1706271714,241638384,"《不眠之夜》音舞二创活动也同步开启啦！期待大家的花式二创内容[打call][打call][打call]
👉活动传送门：https://www.bilibili.com/blackboard/activity-o5DxbzfXV6.html",32708543,大家的音乐机,保密,音乐区官方账号就是在下！,https://i2.hdslb.com/bfs/face/927600c9ac351375bc63fa6e0ce06e7ed7a8bbd3.jpg,139,39832,1764391404500
215027829440,0,1712014982,241638384,再次重温，流萤说她尝试了十一次都失败了，而这条长廊前面正好有十一个男主，只有最后第十二个男主进入了下一个阶段[doge],1114863532,坡亚,保密,封禁中,https://i1.hdslb.com/bfs/face/9540d30578280b8cc71a87c49a9f5a368166b065.jpg,12,758,1764391404516
205002383856,0,1706288199,241638384,还有这个[打call],349977670,路过的せかいの破坏者,保密,,https://i1.hdslb.com/bfs/face/47cb66aa82e390c434743465edd385100052264c.jpg,32,363,1764391404523
207083135808,0,1707388164,241638384,[抱拳],1326219464,-枪破层云-,保密,,https://i2.hdslb.com/bfs/face/b70da50e7aea6799a28cc234e984a532568e5fd4.jpg,8,116,1764391404530
220659022800,0,1715264489,241638384,现在明白为什么会有一个狗的视角撞米莎了吗？[墨镜],1822671372,爱开联爱喜灰爱国漫,保密,,https://i0.hdslb.com/bfs/face/863e7a6658562ac5685fecda0aad6da6cc106df4.jpg,4,80,1764391404542
215501698112,0,1712292698,241638384,00:42 那一段男主一共出现了十二次，2.1剧情里，流萤说受到了11次阻拦，真的细啊米桑[笑哭],101162064,多喜多郁代,男,鹿野牧,https://i0.hdslb.com/bfs/face/d5366578a5c4a62bdc44fd88750cfb619f85af54.jpg,0,94,1764391404548
205201374704,0,1706414563,241638384,到我啦[胜利],237267621,珉民泯,男,,http://i0.hdslb.com/bfs/face/ef2ebd34d7cef4f99be824bb8c1139b1abf8885b.jpg,15,122,1764391404558
228309740672,0,1719411249,241638384,哦？,1718823941,bili_1718823941,保密,"∅ billbill机构认证:广州厍浴科技有限公司官万账号
一起来创造库浴世界吧！",https://i0.hdslb.com/bfs/face/member/noface.jpg,2,57,1764391404566
229440571136,0,1719996287,241638384,这！都！是！神！么！,1064655713,账号已注销,保密,,https://i0.hdslb.com/bfs/face/member/noface.jpg,4,49,1764391404576
207851760848,0,1707809541,241638384,好喜欢流萤啊啊啊[给心心][给心心][给心心]（不太会涂色）,524715264,离煙,男,???????????????????,https://i0.hdslb.com/bfs/face/ec96b6025f396a0d4f05158ee8be376881e29537.jpg,1,43,1764391404583
211603249184,0,1709962168,1651532594,有大佬确认过，不眠之夜里面所有的乐器都是合成的，正如家族的梦一样，都是虚幻的。,259907757,高达鸭出击,保密,橙汁里面有3%的真橙汁它也叫橙汁，生命之水里面有4%的不可燃水它当然是水(=・ω・=)​,https://i0.hdslb.com/bfs/face/436b989386f069f0018eb1cc6b0d8fc51c57cc4a.jpg,2,302,1764391409008
211613054720,0,1709966963,1651532594,HOYO-mix去混内娱哥谭的话，内娱的大家就都不要做了。几位大佬能杀穿哥谭七进七出。,366337804,划水酱油真君,保密,,https://i0.hdslb.com/bfs/face/member/noface.jpg,8,240,1764391409019
211608014944,0,1709964416,1651532594,HOYO-mix就是音乐公司。,660333,木木兮716,保密,,https://i0.hdslb.com/bfs/face/f0808494d579a62e4b026a60a5bd16d18b8952e9.jpg,6,194,1764391409027
211961540544,0,1710164975,1651532594,"我最喜欢的三个地方：
1.进入副歌的部分，极强节奏感的鼓声？以及画面顿挫的镜头切换，配合张杰的演唱，非常有感觉
2.耶！（sing with me），就是这里，没别的，就是带感！
3.最后尾奏部分张杰的人声演唱，那段哦哦哦哦真的，不知道怎么形容，反正就是很有感觉",14437946,流浪法师北斗,男,,https://i2.hdslb.com/bfs/face/2c4639612f58ba327d3c4ba7cc49da970c7f5fa3.jpg,3,132,1764391409035
211540652576,0,1709913463,1651532594,世界是一个巨大的花火！乐子神在上，这太欢愉了！[星星眼],29199910,罗小黑是我永远的猫,保密,,https://i1.hdslb.com/bfs/face/35a4a09faaab41de7cf64ee0c7502fcf97e1371f.jpg,2,100,1764391409044
211787371392,0,1710062932,1651532594,美工和音乐骑着策划上班,455476271,--_小N,男,,https://i2.hdslb.com/bfs/face/c5e3b67f123951073aef1e01dfcb4247cf6c451b.jpg,10,75,1764391409050
211598188096,0,1709959916,1651532594,2.0都快结束了，你这略晚[吃瓜],1390797,祭魂,保密,,http://i0.hdslb.com/bfs/face/e866ce773533eb10d9a7d148663422dad428a4a7.jpg,2,57,1764391409061
211818999744,0,1710076172,1651532594,张杰低音高音都很好听,1770727917,薇月星,保密,,https://i0.hdslb.com/bfs/face/4f16146f2358640c2e52390b2baf92ed85dc8f63.jpg,0,38,1764391409074
211763350272,0,1710051523,1651532594,op只是三分之二，这首歌这音乐软件有完整版,628278123,我问你话呢在狗叫什么,保密,,https://i0.hdslb.com/bfs/face/33498b43d0bad4021e3b9b5f66b3a3375d7422a7.jpg,0,22,1764391409087
211568267744,0,1709945068,1651532594,这世界是一个巨大的张杰[星星眼],1787690838,星空下的天秤,女,天越黑，星越亮,https://i0.hdslb.com/bfs/face/14f7ea9210ef3a7ea38142a522b383cb405ee649.jpg,0,21,1764391409094
133886708416,0,1665931640,858574393,不眠之夜唯一的缺点是—————贫穷的我[doge],24244377,大侦探波罗的海,保密,飞越牢不可破的黑暗，潜入星群的领地。,https://i0.hdslb.com/bfs/face/bb97e9a749a9ea2b37b807aacebf82436f9bc719.jpg,1,56,1764391413516
174945614816,0,1689326242,858574393,其实现在中国的沉浸式剧场已经发展的非常离谱了，设计师会基于人的五感 视觉 听觉 嗅觉 触觉等开发各种效果，甚至有人把剧场塞入杜比7.1声道让人身临其境。作为一位密室机关设计师真的很惊叹这些年的行业发展,11126359,膏小道,男,"密室机关师
摄影师",https://i1.hdslb.com/bfs/face/eb3cfa3eb6329c1f17565cc2527751d132844164.jpg,4,52,1764391413524
134527086320,0,1666416279,858574393,2017年590，2022已经650了[大哭],23339649,ChuengEric,保密,,https://i0.hdslb.com/bfs/face/50c34ff58616fed6a7b58ef8c2735649c7d9e290.jpg,7,18,1764391413532
134147584400,0,1666146495,858574393,犹记得当年麦金侬试演的时候去看，惊奇的体验[笑哭]那时候还有福利票，呜呜呜回不去了,11338727,肥圆场域,男,这个人很神经，什么都没有写,https://i2.hdslb.com/bfs/face/b3dd8319b3fa53fbb69d68c23f3650c28476eebd.jpg,0,9,1764391413540
143978769120,0,1672218478,858574393,已经快50刷了[吃瓜],512820394,闾山咒术师,保密,,http://i1.hdslb.com/bfs/face/85f118bf4459abe7d0dcd6a3b64af37ff3e439e1.jpg,0,4,1764391413550
188382111744,0,1696225422,858574393,哇，从别的up主那看的都是游玩者“行外”的视角解说和安利，从up主这看到一个本身从事这个行业或和这个行业相关人的视角听又是一种新的感觉，up讲和前同事的趣事也觉得好好笑哈哈哈，希望能听到更多up主的分享！[星星眼][星星眼][星星眼][星星眼][星星眼],1333890730,鳢鳥,保密,桃桃,https://i1.hdslb.com/bfs/face/0b6babb147005ff69b88978a8dc600239cab8c7d.jpg,1,3,1764391413558
132331212288,0,1664812144,858574393,哇！有机会一定要去看看！[星星眼]感觉好好玩！,27292287,叨叨叨ddao,保密,视频均为转载,https://i0.hdslb.com/bfs/face/905eb88f810d383eb687291449c71835711e3990.jpg,1,3,1764391413565
138454951088,0,1669013840,858574393,好神奇我感兴趣的up都出了！！,24352860,汤汤Tangsy,女,微博：是桃酥耶,https://i0.hdslb.com/bfs/face/ee896d1673a9da5a201f75cc1fb09b798d1e831c.jpg,1,2,1764391413573
256208253665,0,1741100369,858574393,会有激情画面吗[笑哭]打算和不合适一起看激情戏的人看,151095683,乙醇蒸发焓,保密,,https://i2.hdslb.com/bfs/face/49ecb0ef395cfe630e6018d856e54aec57e82d48.jpg,0,1,1764391413581
241379162113,0,1725503933,858574393,看这个介绍为什么感觉和血源诅咒有一样的味道（）难道和魂有着一样的内核,700086984,去了吗不会,保密,,https://i0.hdslb.com/bfs/face/member/noface.jpg,0,1,1764391413588
250779506417,0,1735793961,113752007508304,这领舞跳的是真不错，而且我发现唱功也可圈可点，有没有考虑过转型当歌手呢[doge],513458370,安靖的螺号KID,男,,https://i0.hdslb.com/bfs/face/c970de7995a12417e8fe7d36c9e8c3d6973a946a.jpg,10,498,1764391418009
250727363313,0,1735733543,113752007508304,我们全开麦的唱跳的杰神来了[打call],443948287,画星耀,保密,,https://i1.hdslb.com/bfs/face/b2ef281401a8e11812cc37f76855fd3db966135b.jpg,0,59,1764391418018
250733705697,0,1735737797,113752007508304,在现场不必多说太美了，杰哥太牛逼了,356394989,I小行星,男,,https://i2.hdslb.com/bfs/face/266e8862a5aa3b457c9bea1ca987342e007da074.jpg,0,47,1764391418025
251419742752,0,1735909849,113752007508304,家人们上海的有福了[给心心],26219106,只搞桃浦嘻嘻,女,,https://i0.hdslb.com/bfs/face/b5ef4d029c45e8a09b9510eb5e6cad03d6e5a1b3.jpg,1,51,1764391418033
251229566000,0,1735722844,113752007508304,内娱第一爱豆居然是张杰[doge],177153107,林逐水的木偶小鱼,保密,平安喜乐,https://i2.hdslb.com/bfs/face/121d45f809c55518ada5da17e50f97b9be147615.jpg,9,1238,1764391418043
250785801697,0,1735799700,113752007508304,因为我也混韩圈的，所以感觉张杰这个六首连续全开麦唱跳真的好强，唱跳声音稳定度细腻度以及体力可以用恐怖如斯来形容，好佩服。尤其7:56那首«she's hot》更是牛，舞蹈激烈度难度完全不比韩团那些劲舞团的低，唱出来声音稳如CD碾压级的,2118136487,绮若ww,保密,,https://i2.hdslb.com/bfs/face/828f4d9a18408bd4a5f80ea0e2785145d729a4cd.jpg,11,973,1764391418051
251235693856,0,1735727053,113752007508304,真的，看到隔壁那些卫视跨年的，站桩唱成啥样了，还搁那儿大言不惭的夸夸夸，真是想笑。我是真的觉得昨晚张杰状态挺不错的，感觉比去年跨年状态好，去年给孩子累的，最后嗓音明显哑了，今年最后高音的质量还可以，真的是一直都在进步[笑哭],57550501,在下时秒,保密,不关我事不关我事，说什么我都认了，我这人就不喜欢听人念叨，不支持我的观点就算了,http://i1.hdslb.com/bfs/face/ae5e8625bc9c73220e024b18659df766d9f1e2ec.jpg,17,1154,1764391418058
250810656961,0,1735820265,113752007508304,看来张杰是真的喜欢不眠之夜这首歌[崩坏：星穹铁道_举牌],37917970,嘉然昨晚恰什么,保密,ⓘ该用户封禁中,https://i1.hdslb.com/bfs/face/87b80f2119e5302eaf80cb8fe6055c6f4dc0136c.webp,9,665,1764391418065
251247164128,0,1735734633,113752007508304,感觉杰哥今年的唱跳组曲比去年难度大多，连着六首中间都不停歇，而且舞蹈难度更激烈，气息依旧稳得一匹,1852264136,果果llly,保密,,https://i2.hdslb.com/bfs/face/647d06f9c28c46dc029530b561c0df32dd1735d0.jpg,4,579,1764391418072
251254457568,0,1735739223,113752007508304,比他帅的没他会跳，比他会跳的没他会唱[OK][OK][OK]比他帅比他会唱会跳的还真找不出来几个了，长红二十年张杰他是真有实力[OK],28878817,带一个鸡蛋灌饼,男,,https://i1.hdslb.com/bfs/face/17a8235928f20c6b279c911a1ce8c2ffa471c428.jpg,4,577,1764391418080
228835640272,0,1719676446,112683131145489,"第一次看字慕卡点消失的版本。[吃瓜]
支持！[打call]
简介有点东西[doge]",1460053541,bili_91032485186,男,,https://i2.hdslb.com/bfs/face/fb79103e8b33547023e2010030b6889bba2b49bf.jpg,0,67,1764391422440
269218195728,0,1752847859,112683131145489,愿此行，终抵群星,3546695312869713,原汁原味的散厨,女,最爱散宝了！(原神启动),https://i0.hdslb.com/bfs/face/5d61f58d883ac367096d0245f4d4155872314600.jpg,0,33,1764391422447
267123774176,0,1751222211,112683131145489,还是那么好听，那么嗨。劲爆。[打call][鼓掌][星星眼],3461577007171714,京剧小先生,男,用实话告诉你，什么是真什么是假。证据摆在你面前,https://i1.hdslb.com/bfs/face/50321dc0658eba2e085e4e7dd2911ceae8982baa.jpg,0,19,1764391422455
228303764816,0,1719409097,112683131145489,愿此行，终抵群星！[脱单doge],535435537,须臾是何年,保密,,https://i1.hdslb.com/bfs/face/01d26e7e653e123ed3c91c369222a432aa9060c3.jpg,0,13,1764391422463
266083633825,0,1751271541,112683131145489,哎我真服了直接搜名字也不让看搞什么啊[灵魂出窍],1169569953,活死人是如何练成的,保密,,https://i0.hdslb.com/bfs/face/b68471d55706d4c8f8c76f34af60e9a5bc2dff23.jpg,0,9,1764391422472
264489579792,0,1748867145,112683131145489,加油哦，up主🤓👍,3546887869171903,小乖咪xgm,保密,,https://i1.hdslb.com/bfs/face/a3c1b340d001e2834f22d1d877fc003ce3d62475.jpg,0,5,1764391422485
268497130848,0,1752328880,112683131145489,跳起来了[doge],1817410128,北长尾山雀yi,保密,我的人生我做主，指手画脚尔入土,https://i0.hdslb.com/bfs/face/0343ea292b984da62059f3f4d2184cbf3001fa61.jpg,0,4,1764391422495
276487839904,0,1758251970,112683131145489,砂金战绩加盾=花火战绩增伤[吃瓜],3546392110827621,单殺永远愛你,男,哔哩哔哩新用户,https://i0.hdslb.com/bfs/face/bca3b960990b7bcb4008a1a62030d1eb1d075bbe.jpg,0,3,1764391422502
260621279904,0,1744901853,112683131145489,支持 早日火！！,3546378305276431,莫西莫返M,男,,https://i1.hdslb.com/bfs/face/c221344727166429014840ad0c83ad69cda84787.jpg,0,3,1764391422514
275802087041,0,1758939919,112683131145489,愿此行 终抵群星 于朦胧,393480064,llillni,保密,会有点小新奇,https://i1.hdslb.com/bfs/face/a5ee27a085ab8391f37859b590a8dc67c3b80e1f.jpg,0,1,1764391422522
205733337456,0,1706699412,1250185970,认真工作的男人最帅！爱看！多更！另外我真的从赛尔号玩到崩铁哈哈哈哈哈从我小学刚接触电脑到社畜天天玩手机 张杰贯穿我游戏生涯,20731954,blue史迪奇,保密,,http://i1.hdslb.com/bfs/face/5a31397577a41869f46eede08a90152783b51e86.jpg,9,2218,1764391426942
205732701536,0,1706699158,1250185970,哥有了“开星”别忘了“杰星[脱单doge][脱单doge][脱单doge]”,7167160,樯角灬摘蘑菇,女,唱响中国！冲出亚洲！飞向全球！杰哥世界巡回演唱会加油冲！ 张杰勇敢飞，星星永相随！???,https://i1.hdslb.com/bfs/face/ea4312ee94a36ac00a4566ff58ed98deaeaa3ec5.jpg,6,1511,1764391426950
205817277264,0,1706753245,1250185970,不装了。我不是纯路人玩家[doge][doge][doge],81269669,wjy9849,保密,,http://i2.hdslb.com/bfs/face/8b033bc6825ed1f28a1a7ab103a7df0f9a9b5cb0.jpg,3,698,1764391426957
210610977728,0,1709350490,1250185970,有现场听了 朋友们[脱单doge],492578211,包子的相册记录簿,保密,视频网盘?,https://i0.hdslb.com/bfs/face/4f948187eaef610f2e93a442d4532933521361fd.jpg,8,354,1764391426965
205876337280,0,1706779401,1250185970,只能说 南昌的朋友们有福了[脱单doge],21260848,Li786,保密,听 我们的歌,https://i1.hdslb.com/bfs/face/dcefcdc7214d0f0884f0de2b0961ccc9570f32e6.jpg,11,234,1764391426972
210058635120,0,1709002848,1250185970,[doge],300330743,左徳,男,,https://i2.hdslb.com/bfs/face/1c76295c6a0a3a4ea87a09abfde1620b64df941b.jpg,4,236,1764391426980
205735686304,0,1706700231,1250185970,录的“开星”唱的“开星”你别太会了张杰 [吃瓜],275257623,一盏微醺-,女,有过热烈 不负遇见,https://i0.hdslb.com/bfs/face/cca1336ee058499c94f8aaf41ec57532fe71985f.jpg,2,193,1764391426988
207301825504,0,1707492846,1250185970,杰哥上春晚了,43417886,第零局,男,,http://i0.hdslb.com/bfs/baselabs/1ebcdd7789679761a74446c8f0345058b6f0cd8b.jpg,2,84,1764391427000
205733708896,0,1706699546,1250185970,我和他们是假玩[微笑]和你是真玩 有空多磕磕杰星[脱单doge],492578211,包子的相册记录簿,保密,视频网盘?,https://i0.hdslb.com/bfs/face/4f948187eaef610f2e93a442d4532933521361fd.jpg,0,78,1764391427009
205874849152,0,1706778834,1250185970,南昌有演唱会啦！！！！[星星眼][星星眼][星星眼],1800872652,Z前路星河璀璨J,女,all about 张杰！,https://i0.hdslb.com/bfs/face/3068f52ca350999a006eeb280f9e950c44a4e5fa.jpg,6,42,1764391427017
268238135136,0,1752136243,114820917631177,昔涟还在我手上，删了,674702636,崩坏星穹铁道编剧,男,轻松，快乐，阳光。,https://i2.hdslb.com/bfs/face/08e5180f8a75c4161c9c7d5e8d980b5f5d6397ec.jpg,15,1780,1764391435749
267334118017,0,1752304339,114820917631177,诶，那我就要拿出一张老图[滑稽],1830392098,相关部门吗,保密,,https://i1.hdslb.com/bfs/face/aa70db14699176581c3eca92afdbc45a3606f8ba.jpg,15,1683,1764391435757
267157923857,0,1752156537,114820917631177,这届网友怎么什么离谱的玩意都能挖出来[doge],3546917113956698,游客orz,保密,,https://i2.hdslb.com/bfs/face/670c1c3670a00556cdcac2bca67aded49542ceb5.jpg,1,677,1764391435764
267292839937,0,1752272818,114820917631177,所以这是哪里来的？米忽悠年会吗[哦呼],29596288,渡明霄,保密,✧٩(ˊωˋ*)و✧,https://i1.hdslb.com/bfs/face/09254d48afce2f9c658cd47690085c998f998fd6.jpg,19,630,1764391435771
267681068161,0,1752581255,114820917631177,[脱单doge],1888669972,浮云2333333,保密,,https://i1.hdslb.com/bfs/face/e4fb02b98524849d8feb2122af940ac2afba5498.jpg,5,696,1764391435778
268338971152,0,1752215247,114820917631177,等原神发刀了，这个视频还要再拿出来鞭尸一次[doge],319379227,星守罗,男,保持思考，要去辩证的看待问题。,https://i1.hdslb.com/bfs/face/29128ca7800e442ea8180eeebffed8594b945c08.jpg,12,592,1764391435786
267059836753,0,1752076614,114820917631177,甚至跳的locking，我还蛮喜欢跳舞的，但这个我跳不来[笑哭],472964354,宁也不绒艺A,女,在各个圈里来回溜达的网络街溜子,https://i2.hdslb.com/bfs/face/17cd7fb437df0691a8857c23a8969cf7cedd791f.jpg,2,401,1764391435792
268183331824,0,1752086255,114820917631177,原来烧鸡还有这一段啊[笑哭],255494321,Socialismist,保密,????️?,https://i2.hdslb.com/bfs/face/bb97964e475117bc6e4d4f2aa051948e86fe5826.jpg,16,376,1764391435805
268166876160,0,1752072528,114820917631177,不眠之夜的动补是谁很清楚了[doge],46646,Riv,保密,,http://i2.hdslb.com/bfs/face/aabe1aa69fb7fbdf00e75e53747a9f59db632ff7.jpg,0,335,1764391435816
268047263409,0,1752849101,114820917631177,舞！舞！舞！,511408978,゙鸭,保密, •́.•̀ ,https://i1.hdslb.com/bfs/face/10a490eff7cff31b7667592bc9ffa7f4914f1335.jpg,3,292,1764391435826
221449884384,0,1715692714,284275297,[星星眼],112399121,像函数,女,,https://i2.hdslb.com/bfs/face/d1da5ea8578dc09481fdc153ddeb49f35cbb47ec.jpg,2,2,1764391440166
205692001424,0,1706681858,284275297,乐儿姐姐你就跟杰哥哥在一起吗？求求你了。😍😍,1471232104,玉玉须臾,保密,,https://i1.hdslb.com/bfs/face/b7d2c46f314fdc9a083c354e8297e01712788b61.jpg,1,2,1764391440175
264225097440,0,1748643633,284275297,肯定是不眠之夜,249145735,幻梦尊皇,男,,https://i1.hdslb.com/bfs/face/fa22e3708a80a6401febdcdb634c7625e0ea533c.jpg,0,1,1764391440182
235242115424,0,1722593187,284275297,@[笑哭]有可能莉莉是怪物,3546610992679820,bili_59813044579,保密,,https://i0.hdslb.com/bfs/face/member/noface.jpg,0,1,1764391440191
206305986400,0,1707010761,284275297,4312,382555754,13766576410_bili,保密,,https://i2.hdslb.com/bfs/face/e2ddc2275df94af1cebf7028aa1bdc1bb30e78f4.jpg,1,1,1764391440201
205360702656,0,1706503393,284275297,[打call][喜欢],3493273536563572,一哭二闹三爬树ff,女,,https://i1.hdslb.com/bfs/face/c1135438ad12ac37873496648b736621efe39eb3.jpg,0,1,1764391440208
204959291264,0,1706271070,284275297,见吧,1840950195,霜见二五,女,,https://i0.hdslb.com/bfs/face/0e5ea22649ae22a02d464b58569ffc7c614e9902.jpg,0,1,1764391440215
204958906768,0,1706270930,284275297,就是怪兽,1840950195,霜见二五,女,,https://i0.hdslb.com/bfs/face/0e5ea22649ae22a02d464b58569ffc7c614e9902.jpg,0,1,1764391440223
280422840784,0,1761448372,284275297,[打call][打call][打call][打call][打call][打call][给心心][给心心][给心心][给心心][给心心][给心心][大哭][大哭][大哭][大哭][大哭][大哭],559330223,bili_28041732002,保密,,https://i0.hdslb.com/bfs/face/member/noface.jpg,0,0,1764391440230
275166688625,0,1758346142,284275297,火,3546952755055291,甜甘甜甜,保密,,https://i1.hdslb.com/bfs/face/85ac6aa084876958a45be28b475bfb456b5e5347.jpg,0,0,1764391440237
274704598608,0,1756635015,115122806721026,那里是全东北最夜乎的地方——老蒯,511840714,化为而鸟,保密,,https://i1.hdslb.com/bfs/face/82a16fec7bed3bd4b6503a21a0d8373cceacb02d.jpg,2,25,1764391444689
274706314144,0,1756636055,115122806721026,契合上今天的日期，来一场不眠之夜吧！（我明天就要上学去了）,1584441416,念玫思黎,女,,https://i2.hdslb.com/bfs/face/69c5da0fc0e1c8f718f9723f500d0907f12e34c6.jpg,2,11,1764391444700
274704297952,0,1756634868,115122806721026,"糯米被当拼好饭吃了😭
黑狗血被当可乐喝了😭
符纸被当做厕纸用了😭
桃木剑被当牙签用了😭
八卦镜被拿去当镜子用了😭
铃铛被拿去挂狗身上了😭
人偶被拿去当手办了😭
童子尿被当冰红茶喝了😭
朱砂手串被当红豆拆了😭
罗盘被当飞镖盘扔了😭
铜钱剑被掰成毽子踢了😭
香炉被当烟灰缸怼了😭
镇魂钉被当螺丝钉拧家具了😭
法袍被当汉服穿去漫展了😭
阴兵令被当游戏币抓娃娃了😭
我已经无计可施了😭",275827048,一别生气,保密,,https://i0.hdslb.com/bfs/face/member/noface.jpg,0,6,1764391444708
273365098097,0,1756635915,115122806721026,我嘞个骚刚啊，比东北雨姐还带派啊,3494353261562696,肉食鱼,女,才没有被毁灭男人迷倒…别说了我自由分寸才不会被迷倒…,https://i2.hdslb.com/bfs/face/23ad4c32b8ce3bd40421eecf2975ab03e99c3755.jpg,0,6,1764391444716
273368594529,0,1756638056,115122806721026,花火：带派不开拓者,87812091,娜可贝璐,保密,刀刀！好快的刀刀！,http://i0.hdslb.com/bfs/face/30048f4f3d3a5908b54f07af1e2d809f723f8c95.jpg,1,4,1764391444724
274704369632,0,1756634897,115122806721026,一句东北↗就绷不住了[doge],500455517,风口上的佩奇_,保密,,https://i2.hdslb.com/bfs/face/799587f0ef0ed4aff577a8a19f3d429d99a1aac0.jpg,0,3,1764391444734
274963799152,0,1756885256,115122806721026,为什么我脑海中的第一也是那只东北龙[笑哭]（鸣潮up寞桀缘才[doge]）,1598440348,雨紫琪,女,"智识令使
依旧想走出那片阴影，努力做高质量全职UP，虽然被贫穷限制了部分见识和想象，但却依旧在努力（人在写小说）",https://i1.hdslb.com/bfs/face/78a90ca3287df229fb7db5e9926b5d2f040f8972.jpg,0,2,1764391444747
273363989985,0,1756635216,115122806721026,什么叫一斤糯米一万起步？,3494378270099697,风流月碎,保密,,https://i0.hdslb.com/bfs/face/2d84f56bc6029564ed3047eb7f90a5bdbf3f8d7a.jpg,0,2,1764391444756
281726711920,0,1762498626,115122806721026,@春风伊雪,38289248,苏七岁,男,,https://i2.hdslb.com/bfs/face/de0d851e51edc38c011a4c7a93754f9af61afcff.jpg,1,0,1764391444778
277298668208,0,1758957622,115122806721026,我不行了,1413435842,想要变得冷静,女,"搞同人死路一条，搞cp降龙十八掌，搞oc更是爱常觉亏欠。
公嬷一体机，oc人，微杂食，cn自由漫旅，外号兵王",https://i2.hdslb.com/bfs/face/98c3eae4838caab451730e45be1b241e5115d559.png,0,0,1764391444787
207857477744,0,1707812241,1550410932,《韩语版0%》[doge],652169110,comsol从入门到放弃,保密,comsol真的好麻烦……幸好我已经不用学了,https://i1.hdslb.com/bfs/face/a95dd55735741c1121fc971af97b69f4971a60b5.jpg,8,310,1764391449240
207347011616,0,1707529111,1550410932,[doge]说实话之前看了几期，总感觉右边的小哥要么放不开要么不太满意不太得劲，这次终于有种心服口服大家一起染上不眠之夜的感觉[呲牙],2348303,无痕新双月,保密,,https://i2.hdslb.com/bfs/face/73dd7f7fd1e61c9bad48f9d810d5cc618756acd5.jpg,2,319,1764391449248
207391730000,0,1707549174,1550410932,两位老师可以去听一下原神那边的《青铜》吗，很厚重，很有历史感，就一下子就全世界肃穆的感觉,507144353,青雀督导_love,保密,这里不会自闭的自闭雀.QAQ……我自闭了太卜大人让我摸个鱼吧？嘿嘿嘿。,https://i2.hdslb.com/bfs/face/7bcdccf4b2751e0e302787f4fe8469f0a4c39358.jpg,8,138,1764391449254
207232168064,0,1707465718,1550410932,水龙吟那期讲得好啊，直接关注了，今天来的第二弹，开心！祝新春快乐[打call],1201107664,暮夜光雨幽幽,保密,,https://i0.hdslb.com/bfs/face/member/noface.jpg,1,66,1764391449264
207372217872,0,1707540168,1550410932,[跪了]张杰这版薄纱所有翻唱……原唱无可超越了，换谁都感觉差好多意思,107038874,星神还在拉低中奖率呢,保密,,https://i2.hdslb.com/bfs/face/fcf73aefda02210130adec1e0ce96645b4959007.jpg,55,9039,1764391449271
207327041024,0,1707503648,1550410932,这单曲放在当下的华语乐坛也是让人眼前一亮的水平了，很流行很朗朗上口，但编曲丰富又洋气，张杰的唱功也发挥的很到位。,8666108,蛋老大,保密,,https://i2.hdslb.com/bfs/face/c35735f71bc3ee333963dd839baec3da5c031174.jpg,54,6313,1764391449281
207453527600,0,1707575180,1550410932,看到拯救乐坛这个标题就绷不住了，想起了现在的说唱还不如果宝机甲的主题曲[笑哭],515462911,蔚蓝浪客,男,这家伙很懒，啥也没有留下,https://i1.hdslb.com/bfs/face/cd9b7ce9981869f2e4b11887220efc6ff87677e7.jpg,26,2733,1764391449288
207226334144,0,1707463202,1550410932,看了张杰唱这首歌的幕后花絮，感觉他是位不错的歌手,8556354,王詩涵LeO731,保密,(ಡωಡ)是李澤言&黎深&左然&寧北夫人丨鐘離&迪盧克&艾爾海森&萊歐斯利&神里綾人&菲林斯推丨德威特&方應看夫人喲！,https://i0.hdslb.com/bfs/face/971aab168dfa8b016b7aab282b62bb137de52056.jpg,32,4189,1764391449295
207244209600,0,1707470685,1550410932,已经不眠了[墨镜],699641332,eusy-玄,女,"随遇而安，一切刚好
是夏左陆推
天雷乙女腐",https://i1.hdslb.com/bfs/face/3735fbf77992a49af9b4b87ee9911e2ee85c4e3f.jpg,16,2601,1764391449303
207247516560,0,1707472055,1550410932,游戏公司再次拯救华语乐坛[笑哭],41018048,手会抖的耗子,男,,http://i2.hdslb.com/bfs/face/2de80daab7a6f5338532e4b28645372422efa7de.jpg,8,2234,1764391449311
267775249248,0,1751773578,114787279246240,《哈局三段》[doge],1979201332,霄甬线,男,原名：上局杭段HXD1D0486，来自上局杭段的铁路迷，轨交迷，公交迷，成分有点复杂，飞霄厨一枚,https://i1.hdslb.com/bfs/face/f6ff5329da58fcf77213b9d06de06abf6a609f64.jpg,0,2,1764391453696
283162412320,0,1763784951,114787279246240,甜莱[笑哭][笑哭],3546822255577900,空灵晨曦,保密,,https://i0.hdslb.com/bfs/face/member/noface.jpg,0,1,1764391453705
270048583264,0,1753449271,114787279246240,高质不火[吃瓜][笑哭],3537116801796521,砂狼白子-数码-B站号,保密,"ks号：砂狼白子（数码）（互）
专门制作数码视频
可以回关吗？",https://i2.hdslb.com/bfs/face/a533e3c5aa841a509b5a07720ec2283dd6fc9774.jpg,0,1,1764391453713
267056552721,0,1752074450,114787279246240,6,1342333584,蜻莹,女,我的世界建筑区up主（,https://i0.hdslb.com/bfs/face/7469ec204a36a5a537ad734973536eefd5392081.jpg,0,1,1764391453720
266482476689,0,1751612147,114787279246240,难绷[笑哭],1469538755,MTR广州地铁还原计划,男,姓陆的早日鹿岛初雪,https://i2.hdslb.com/bfs/face/8f55c58c5cf2b4c42ca99a08dbf38e90f9c4e98a.jpg,0,1,1764391453728
266403627345,0,1751540451,114787279246240,太带派了[doge],1038978389,被函数折磨,男,,https://i2.hdslb.com/bfs/face/19ee4c195a2de921d98feaecb65c41850d098d30.jpg,0,1,1764391453735
207490487360,0,1707606293,241894130,看到有人说给流萤p个冲锋枪像卡芙卡，我p了一下，的确挺像的,524707907,FR_远红光,保密,我很无聊~,https://i2.hdslb.com/bfs/face/70eef609a25be53cf1e111e6a9b2a1c28e4ac8f7.webp,5,661,1764391458198
205433220496,0,1706533895,241894130,歌火二创就是快[笑哭]相似题材，可惜我自己唱的难听,1985509507,Ender_MY,保密,全能型up，主打啥都会但啥都不精，且成分复杂,https://i1.hdslb.com/bfs/face/e9329189dfa86c1f24a426d2bd00ea5285312b10.jpg,3,225,1764391458205
205425701728,0,1706531010,241894130,有才，但是“景元向前走两步”实在是难以超越））,660691971,小羊加加减减,保密,不看评论和私信，觉得我视频做的不好你就忍忍吧,https://i0.hdslb.com/bfs/face/1a9d2da483784ad7165d150ff6e565778f6fa623.jpg,34,5578,1764391458212
205274240592,0,1706446151,241894130,非常好的视频，有一种神秘祝福被欢愉碰过了的美感[doge],1572726962,借用-女王-jpg-的女王,保密,赛博世界 的 统帅者 无处不在 的 女王 喜欢 <像素化.EXE>,https://i2.hdslb.com/bfs/face/3c23ab4bbc624d05791f11f0a2e57f8263d97540.jpg,2,1974,1764391458223
205584269776,0,1706617716,241894130,不错，但我认为不如景元向前走两步,303052972,哀璃殇,女,,https://i1.hdslb.com/bfs/face/2cd274ab8320e66866cb3da9ab429873d9a7633d.jpg,2,1711,1764391458230
205385571264,0,1706515024,241894130,不够直白，若空游无所依什么意思啊，这句也给我直白的翻译一下[傲娇][傲娇][doge][doge][doge],432268301,浅月云岚,男,莫得感情的夸夸机器,https://i2.hdslb.com/bfs/face/df2a4878bea4ac47b7acd9ea26454f82ccbf4a46.jpg,5,952,1764391458237
205438568880,0,1706535879,241894130,唱的直白（x）看图说话（√）[doge],13074317,玄羽灵,女,ff7狂热中。。。。,https://i2.hdslb.com/bfs/face/0b0ff34d73107c51fc2c729a1b76b99a378a4580.jpg,0,664,1764391458243
207924674480,0,1707838699,241894130,"来复习一下[妙啊]
枫叶 发呆
终结技介面 树木如同龙眠
封印着建木的神殿
迷宫 壁画
龙尊的雕像 由石头刻成
拿长枪直直指向那封印
走路 站立 释放终结技
龙腾 治愈 引月君再临
显长发与龙角
用斜眼看着人
甩手~~~~~~彦卿~~~~开战
人有五名我打三
你打~~~~~~我再~~~~出招
三个技点
幻胧~~~~~~起身~~~~举手
星球落下又爆炸
蓄力~~~~~~马赛~~~~克珠
重击幻胧运镜好
手电~~~~~~亮度~~~~高涨
漂泊不定的木板
水柱~~~~~~缠绕~~~~成环
通天闪光
海水~~~~~~靠一~~~~边站
海底的宫殿显露
鳞渊~~~~~~重见~~~~天日
景元向前走两步",514739442,下次也丕定真君,保密,,https://i0.hdslb.com/bfs/face/851624e90a3186f7cc615f35ca9af3f8e7a8f625.jpg,3,544,1764391458252
205975419920,0,1706838238,241894130,我是一个盲人，感谢你让我知道了不眠之夜的mv是什么样的[doge][doge],1247724055,Gold_Godstain,女,"冷门角色厨+产品姐
想平平淡淡搞我推同人",https://i1.hdslb.com/bfs/face/22d2efc885efbd408c30db8abfd0f05924ef826d.jpg,1,531,1764391458259
205467411424,0,1706547536,241894130,这就是白描手法吗[星星眼][星星眼][星星眼],1044777409,正方形的圆西瓜,保密,,https://i1.hdslb.com/bfs/face/bdf874a77f80d00a1f25a18ac95935ee4cb55fb3.jpg,1,161,1764391458267
261364125313,0,1746691787,113583463596479,upup 我看不懂那个闪光灯不断地闪的剧情，那个婴儿这么回事？为什么要互相丢婴儿的肢体？为什么最后要拿着一棵树给三个巫师看？,1772187684,清阳玉润,女,"姹紫嫣红的景色中 花瓣如雨洒落
只要回头便能看见微笑的你
告诉我冰雪已然消融",https://i0.hdslb.com/bfs/face/36715937b8348b547bf82212c2228928a3ce2d75.jpg,2,5,1764391462627
261196915392,0,1745509927,113583463596479,妈呀我好傻 一直跟的是国王 以为他是麦克白,3493095266061217,barbelo621,保密,,https://i1.hdslb.com/bfs/face/f0668588feb79799f27c85a800c25e3c5576d238.jpg,4,5,1764391462635
266340088993,0,1751478888,113583463596479,这部剧演的是原著所有内容吗(包括改编)，还是截取了一部分原著演,552230487,SMUSICR,男,,https://i0.hdslb.com/bfs/face/870ee0073ff65f457e38f66f45766e792caead1a.jpg,1,0,1764391462645
260396217296,0,1744649856,113583463596479,谢谢up解说hhh我天呢这么复杂的剧情,1541820,Kidowww,保密,这场梦结束该醒啦,http://i0.hdslb.com/bfs/face/bec593053e100bd01d6aa4a0dac559c7becb4309.jpg,1,0,1764391462655
257640909249,0,1742658766,114202089888690,丹恒在剧情里还说过翁法洛斯就像另一个匹诺康尼[微笑][微笑],499743865,洛雨宸_,保密,念旧的人活的像个拾荒者,https://i1.hdslb.com/bfs/face/2f7b66f393c9d7f5763af315a09086ba519e55da.jpg,6,618,1764391467091
257648036657,0,1742665884,114202089888690,就冲记忆是梦的开场白，这句话就很有相似度了[doge],3493279096113482,咸鱼-凝儿,保密,群号：747279664,https://i2.hdslb.com/bfs/face/722ced9f2b19df2529603714ce01e156fcce96ff.jpg,2,287,1764391467100
257581383617,0,1742613202,114202089888690,卧槽，全对上了,274976994,黑锋断章,保密,,http://i0.hdslb.com/bfs/face/c863920ecb913c5713585168f6a9e703604ab8eb.jpg,3,258,1764391467108
258418108688,0,1742640825,114202089888690,智识，记忆，最后是终末😎,34036602,白晨Khaslana,保密,二次元游戏华语音乐混剪GMV区新人。小号白月Cyrene/月下誓约yu,https://i0.hdslb.com/bfs/face/c1961e80a0bf165b780cdfdb2fe4e24cd97c2c96.jpg,21,153,1764391467115
257751958369,0,1742788094,114202089888690,有没有可能我们还没走出匹诺康尼[doge],1715661584,散修元道友,男,这个人很神秘，什么都没有写…,https://i2.hdslb.com/bfs/face/65502a546b5b7e987454311f0b3c379c2162c44d.jpg,8,127,1764391467122
257610997137,0,1742637368,114202089888690,那会不会一次循环死一只缇宝,1781200776,-云未晞-,女,"一个普普通通的生米up，我的世界搜深海星之梦shen
现暂退",https://i0.hdslb.com/bfs/face/6f9f4ce7af12cf2693aeb3215f57acc27f5c7946.jpg,7,121,1764391467130
257582987201,0,1742614564,114202089888690,老米从不做无用功，对于后续剧情，我大胆猜测开山者的故事跟二周目玩家以及救世主白厄拖不开关系[doge]翁法罗斯就是个巨大的循环（外观都是莫比乌斯环），结局是都死了，世界被黑潮侵蚀，记忆消除世界重启，除了白厄，他想要完美结局，只能一遍遍过剧情，他在其他周目有尝试向众人解释，结果都不信他（黑厄形象），现在他重走开山者的旧路，用武力逼迫众人做出改变，而主角团属于外来者不被翁法罗斯的循环剧本影响，是破局的关键[doge],3494375082428464,流萤-冬日限定-,保密,,https://i1.hdslb.com/bfs/face/a6048f760674b86940a2edee9606225492f0cc54.jpg,8,147,1764391467139
258388311888,0,1742617600,114202089888690,等等3.0劇情真的是第一輪嗎[笑哭],13969105,一株艾草不想被曬乾,保密,,https://i1.hdslb.com/bfs/face/a6a94aafc0a7c7a2b00567dbfd9d0508e22aa229.jpg,3,111,1764391467147
258486119408,0,1742709727,114202089888690,不如说不眠之夜这个歌词几乎所有作品都能贴上，毕竟太意识流了，怎么样都可以解释得通，更不必说翁法洛斯本身也是和记忆强相关的，这样就更加贴切了,1897030042,戴德雷默,男,,https://i1.hdslb.com/bfs/face/75fb38a68a7d867f72dbb854b2ffa40ad54507f3.jpg,0,106,1764391467155
257631974369,0,1742652528,114202089888690,游戏《崩坏4：群星》[doge],1527435779,何以战-双子塔爆炸,男,原人堕落成世俗，终岁不见自由神。,https://i2.hdslb.com/bfs/face/08331606963d392b618e6825a7a7b904c52cb3a4.jpg,2,85,1764391467162
278425236641,0,1761148357,115416609592730,没办法，感觉up对崩铁的音乐观感对比原神都低一档，可能是崩铁音乐不像原神那样能单独拿出来鉴赏，它是和游戏剧情和场景氛围紧密结合的一个事物，或者说工具性比较强，你只有身处那个世界观，结合视听一起体验才是完美的。,41324674,淡泊不淡泊,保密,咸鱼咸鱼~,https://i1.hdslb.com/bfs/face/283c6d4e316e231bc8ac94f98daa5274a01df41e.jpg,12,45,1764391471579
278391162225,0,1761126463,115416609592730,我还以为会听little wish哈哈哈哈哈哈,164706191,Poisson_Rouge,女,,http://i2.hdslb.com/bfs/face/264f66647b178a45cdfe16c9943414b0ed386758.jpg,11,65,1764391471588
278414798625,0,1761141691,115416609592730,方舟除了第一期都是推的大众会觉得好听的曲，这些大众觉得好听的曲在编曲上不一定会有较多分析的地方，只能说推荐的很有问题。真要让专业的人有好的评价最好要从pv曲和战斗曲中推荐。角色个人ep即使不选归鲨、酒神、老爷子和好大雷这类小众曲，也得选魔王、克里斯滕这类。,2107888674,无疑是对,男,,https://i0.hdslb.com/bfs/face/9f8cca234038a55b13975bc8deab8080c8214ba6.jpg,1,13,1764391471598
278395382737,0,1761129166,115416609592730,"还是那句话，流行的好听的不代表在作曲和音乐审美上有多好的创意或者效果如何。咱们以后推曲推一点技巧上有创新的或者形式上很创新的行不行。
比如说明日方舟《awaken》《undertides》《总辖之愿》，还有巫王那种古典改这种形式上就很好
咱就是说上次浸春芜也是，这次speed of light也是，太流行了，好听真好听，专业音乐人好听的见的多了（）新意可是更重要的",411319871,雨上莎莎,男,随性随遇，长乐未央,https://i2.hdslb.com/bfs/face/4b889b3b0df767a7cdd680dc5f2586efee9ba2e9.jpg,0,16,1764391471606
280061023024,0,1761149924,115416609592730,粥的音乐有趣就有趣在，按up的选法只能cover 30%的粥的神曲。,17428149,羽林木风,男,我既不是旧时代的残党，也不是新时代的弄潮儿,https://i0.hdslb.com/bfs/face/10b9b851f5b133f982ccc6bd3237463db4c686ac.jpg,0,9,1764391471614
280022476384,0,1761126765,115416609592730,我们音扬师没有被邀请[委屈][委屈],550315202,白芫_,保密,骄傲的奇杂,https://i2.hdslb.com/bfs/face/15047883590ab5fa3ea05598f2450d2aaaa4186b.jpg,2,14,1764391471622
280034375680,0,1761133747,115416609592730,舟的居然是这首吗？好像是五年前的歌了吧，有点意外,3493137383164001,银灰尾巴毛兑水啃六年,保密,小号，查成分私信嘴臭的默认湿衣服哈⍢,https://i2.hdslb.com/bfs/face/377a2af18c2730b86f03b50baf354a7e3d18a05d.jpg,0,10,1764391471631
278413055905,0,1761140553,115416609592730,9的歌还推荐2.4的空游无依和洄游的帆，1.7EP门和外服EP salvation，当时这个外服EP听得我鸡皮疙瘩都起来了,630082256,明日到来之际,女,深蓝互动受害者之一,https://i2.hdslb.com/bfs/face/886eeb21f21f54e724c72cd380b421de96988f60.jpg,0,6,1764391471643
280032379520,0,1761132541,115416609592730,纯音乐那肯定就是明日方舟《赴大荒》了。,527668011,某平凡的05生人,男,,https://i0.hdslb.com/bfs/face/a1d185c6829f5d51435bbd8e9b791130093b4e3f.jpg,0,7,1764391471651
278485485601,0,1761216151,115416609592730,给两位上上强度BV112WrzvEMo[滑稽],1460956,瑞东桑,男,哒哒哒,https://i1.hdslb.com/bfs/face/50c6503a325ea4d9e5965398df083937a4dfc10e.jpg,0,5,1764391471659
