note_id,type,title,desc,video_url,time,last_update_time,user_id,nickname,avatar,liked_count,collected_count,comment_count,share_count,ip_location,image_list,tag_list,last_modify_ts,note_url,source_keyword,xsec_token
645e732d000000000703a51b,video,上海不眠之夜首刷保姆级攻略‼️‼️必看,"前段时间完了不眠之夜整理了一份首刷攻略
简直大家都看一下攻略再去打卡不然可能真的会玩的不明不白的毕竟票价也不算很便宜
@尼珞 整理的图真的一目了然！！
#本地人去哪玩[话题]# #Sleep no more - 不眠之夜[话题]# #不眠之夜上海沉浸式体验[话题]# #不眠之夜[话题]# #上海沉浸式戏剧[话题]# #周末去哪儿[话题]# #攻略[话题]# #上海[话题]# #vlog[话题]#
@视频薯 @小红书视频号 @薯队长 @VLOG薯",http://sns-video-bd.xhscdn.com/pre_post/1000g0cg2fvmjnrqic00g493c5chkbd8t64bcb08,1683945007000,1683911469000,5892e34582ec396e7202b51d,蓓蓓酱,https://sns-avatar-qc.xhscdn.com/avatar/1040g2jo314d4jres6e00493c5chkbd8tfhl134g,27.5万,11.8万,5836,2.2万,,http://sns-webpic-qc.xhscdn.com/202511281704/9cf24eb86e958a007e28d649dbef82a9/1000g0082fvn6tfki0000493c5chkbd8t2psh3tg!nd_dft_wlteh_webp_3,"本地人去哪玩,Sleep no more - 不眠之夜,不眠之夜上海沉浸式体验,不眠之夜,上海沉浸式戏剧,周末去哪儿,攻略,上海,vlog",1764320728522,https://www.xiaohongshu.com/explore/645e732d000000000703a51b?xsec_token=ABWiKPdPG9nbvpgqXsIhIFX3mMqZD9TSejeH-nGhfs6Ik=&xsec_source=pc_search,上海 不眠之夜,ABWiKPdPG9nbvpgqXsIhIFX3mMqZD9TSejeH-nGhfs6Ik=
68303fb1000000000c039fdf,video,"刷一次震撼一次，上海沉浸式戏剧鼻祖《不眠之夜》
	
18岁以下禁止入场
全程带着面具，不能说话，没有手机
你需要在6层楼的酒店上上下下的跑
自从我一个人刷了一次后，女儿就被深深种草
等了2年终于可以带她去看了
这也是我送她的成年礼礼物
#上海看剧[话题]#  #不眠之夜[话题]#  #不眠之夜攻略[话题]#  #sleepnomore[话题]#  #sleepnomore上海[话题]#  #上海CityWalk[话题]#    #上海旅游[话题]#  #上海探店[话题]#  #上海看展[话题]#  #上海","刷一次震撼一次，上海沉浸式戏剧鼻祖《不眠之夜》
	
18岁以下禁止入场
全程带着面具，不能说话，没有手机
你需要在6层楼的酒店上上下下的跑
自从我一个人刷了一次后，女儿就被深深种草
等了2年终于可以带她去看了
这也是我送她的成年礼礼物
#上海看剧[话题]#  #不眠之夜[话题]#  #不眠之夜攻略[话题]#  #sleepnomore[话题]#  #sleepnomore上海[话题]#  #上海CityWalk[话题]#    #上海旅游[话题]#  #上海探店[话题]#  #上海看展[话题]#  #上海新展[话题]#  #城市探寻计划[话题]#    #上海周末去哪儿[话题]#",http://sns-video-bd.xhscdn.com/1040g2so31hqp30j53ue05n4f2vok6hpmvu5dc0g,1747992497000,1747992497000,5c8f17f10000000010034736,Coco生活艺述家,https://sns-avatar-qc.xhscdn.com/avatar/1040g2jo31mg0i4if68005n4f2vok6hpmnqkrmug,11.8万,4.6万,5177,3.6万,,http://sns-webpic-qc.xhscdn.com/202511281704/baa7a6b935367efcb7e8fd0e197eaddd/1040g00831hqp30j5ju005n4f2vok6hpm2466joo!nd_dft_wlteh_webp_3,"上海看剧,不眠之夜,不眠之夜攻略,sleepnomore,sleepnomore上海,上海CityWalk,上海旅游,上海探店,上海看展,上海新展,城市探寻计划,上海周末去哪儿",1764320728534,https://www.xiaohongshu.com/explore/68303fb1000000000c039fdf?xsec_token=ABXND9fJdpRWfU763EIlzHbhqnCcpaqRbKfBg2epUE1ps=&xsec_source=pc_search,上海 不眠之夜,ABXND9fJdpRWfU763EIlzHbhqnCcpaqRbKfBg2epUE1ps=
67147b1d0000000021004e66,normal,不眠之夜攻略这一篇就够了：最全2循环攻略,"【19:40】场如何玩明白主线＋白蛇支线＋触发隐藏支线蝴蝶梦1v1
#不眠之夜[话题]# #snm[话题]# #不眠之夜上海沉浸式体验[话题]# #不眠之夜攻略[话题]# #不眠之夜白蛇传攻略[话题]#",,1729395485000,1729395486000,5e775407000000000100202a,小辞,https://sns-avatar-qc.xhscdn.com/avatar/62b13dc8f38a2464d013262b.jpg,6124,6160,187,5922,,"http://sns-webpic-qc.xhscdn.com/202511281704/02892550aa1efe5cba6a38ef5db251c5/1040g2sg3195m8lmh54kg5njnag3g881a7jhdjvo!nd_dft_wlteh_webp_3,http://sns-webpic-qc.xhscdn.com/202511281704/e33d4c4f8037f14bca8b1e221423d15c/1040g2sg3195m8lmh54k05njnag3g881atvqragg!nd_dft_wlteh_webp_3,http://sns-webpic-qc.xhscdn.com/202511281704/8b91740ae8b717f1f32b100725ffac95/1040g2sg3195m8lmh54jg5njnag3g881aaoetuk0!nd_dft_wlteh_webp_3,http://sns-webpic-qc.xhscdn.com/202511281704/4a146a6706b96315c25822f939297e71/1040g2sg3195m8lmh54j05njnag3g881ao68vcao!nd_dft_wlteh_webp_3,http://sns-webpic-qc.xhscdn.com/202511281704/ae84a2f683f6e24a7d5dc432450ee942/1040g2sg3195m8lmh54e05njnag3g881acev41og!nd_dft_wlteh_webp_3,http://sns-webpic-qc.xhscdn.com/202511281704/74653457d849dc0e60fc2d9140c26641/1040g2sg3195m8lmh54i05njnag3g881asv63vao!nd_dft_wlteh_webp_3,http://sns-webpic-qc.xhscdn.com/202511281704/760f9cda2fd5f301709078eb48db2e42/1040g2sg3195m8lmh54h05njnag3g881abkscjsg!nd_dft_wlteh_webp_3,http://sns-webpic-qc.xhscdn.com/202511281704/220321e50bb7b2367be691605b387d8a/1040g2sg3195m8lmh54gg5njnag3g881an77hq9o!nd_dft_wlteh_webp_3,http://sns-webpic-qc.xhscdn.com/202511281704/3f8f25d537ca2f73d92a21788b5a8c55/1040g2sg3195m8lmh54g05njnag3g881a938pls8!nd_dft_wlteh_webp_3,http://sns-webpic-qc.xhscdn.com/202511281704/e383d88f838c8e626f53676d434491a7/1040g2sg3195m8lmh54f05njnag3g881acuc4ig8!nd_dft_wlteh_webp_3,http://sns-webpic-qc.xhscdn.com/202511281704/83ed1132ba003bccaa6cb5f4e666c08a/1040g2sg3195m8lmh54hg5njnag3g881a0jgn0po!nd_dft_wlteh_webp_3,http://sns-webpic-qc.xhscdn.com/202511281704/a46f15c6bac1fe7aba3803ea54020a8f/1040g2sg3195m8lmh54fg5njnag3g881a8usit3g!nd_dft_wlteh_webp_3,http://sns-webpic-qc.xhscdn.com/202511281704/b05eb0624354b923d8d4c50e6deb096d/1040g2sg3195m8lmh54ig5njnag3g881afcsvp58!nd_dft_wlteh_webp_3","不眠之夜,snm,不眠之夜上海沉浸式体验,不眠之夜攻略,不眠之夜白蛇传攻略",1764320728541,https://www.xiaohongshu.com/explore/67147b1d0000000021004e66?xsec_token=ABcBn3IG1nrw-nIBmTLysg_zFJzdy9jCHSkHgLuvQsFUI=&xsec_source=pc_search,上海 不眠之夜,ABcBn3IG1nrw-nIBmTLysg_zFJzdy9jCHSkHgLuvQsFUI=
6635d2f8000000001e01bff6,normal,上海不眠之夜Sleep No More保姆级攻略⚠️,"Sleep No More是根据莎士比亚著作《麦克白》改编的沉浸式戏剧，源自纽约外百老汇，全亚洲只有上海有演出。整体设定十分有趣，为观众打开上帝视角，3个小时里每一个剧情基本都会上演3遍，让观众可以在平行宇宙下观赏同时发生的不同剧情。同时观众与演员零距离接触，甚至偶尔还会有互动，人观众可以完全沉浸在紧张的剧情中，与演员共振。
	
—————————
（字实在太多，都放在图片了）
	
强烈建议第一次刷的小白提前了解一下主角都有谁，以及如何辨认这些角色，方便届时决定跟着哪一位角色奔跑🏃，详情请参考图2️⃣。另外，想要了解一下地图和楼层的朋友，也可以参考图3️⃣和图4️⃣，如果跟丢了某个角色，也方便自己找到其他剧情的发生点。
	
⚠️⚠️如果不想了解具体剧情的话，就不要往后看了。如果想要让自己更明白剧情或者看完一遍后还没看懂的朋友，请继续看下去，绝对是全网最全的剧情解析！我试着从每一个主要角色的角度写出了各自的剧情发展线，也欢迎有不同观点或者发现了更多隐藏剧情的朋友一起交流，一起了解更多细节！
	
PS：建议每个时段买最早时间入场的票，并且提前半小时到达，这样可以拿到数字较小的扑克牌，更早的进入剧情。
	
#沉浸式戏剧[话题]# #sleepnomore[话题]# #不眠之夜[话题]# #不眠之夜攻略[话题]# #不眠之夜上海沉浸式体验[话题]# #上海周末去哪儿[话题]# #上海旅游攻略[话题]# #上海旅游必打卡[话题]#",,1714803448000,1714804294000,55e978565894466a8cee761e,李查德,https://sns-avatar-qc.xhscdn.com/avatar/1040g2jo31f75j37eme7041543ks5ctgun94baig,5261,5487,189,9388,,"http://sns-webpic-qc.xhscdn.com/202511281704/4fd063d7ec3231344fd90e73b70cf598/1040g008312c87sp7ls7041543ks5ctgue6fknf0!nd_dft_wlteh_webp_3,http://sns-webpic-qc.xhscdn.com/202511281704/74e65e087e9afb0d113e6818efb03025/1040g008312c87sp7ls7g41543ks5ctgu4gf19ro!nd_dft_wlteh_webp_3,http://sns-webpic-qc.xhscdn.com/202511281704/44f3256a41930900bd0fc870f1668228/1040g008312c87sp7ls8041543ks5ctgutp17be0!nd_dft_wlteh_webp_3,http://sns-webpic-qc.xhscdn.com/202511281704/22af0aa8f82dd4d7c4f18df062b075e1/1040g008312c87sp7ls8g41543ks5ctgujm043h0!nd_dft_wlteh_webp_3,http://sns-webpic-qc.xhscdn.com/202511281704/e205701ad5e3952386332c9434d4faaf/1040g008312c87sp7ls9041543ks5ctgufr13kmg!nd_dft_wlteh_webp_3,http://sns-webpic-qc.xhscdn.com/202511281704/dc750c9e812d108c11e2449b4ded7703/1040g008312c87sp7ls9g41543ks5ctgulf4ocs0!nd_dft_wlteh_webp_3,http://sns-webpic-qc.xhscdn.com/202511281704/d95a04c6459da55d2071f7960e1c7a8d/1040g008312c87sp7lsa041543ks5ctgunlnno98!nd_dft_wlteh_webp_3,http://sns-webpic-qc.xhscdn.com/202511281704/03927585d122c374d6e899c12e80c581/1040g008312c87sp7lsag41543ks5ctgum5a2q68!nd_dft_wlteh_webp_3,http://sns-webpic-qc.xhscdn.com/202511281704/82f1d205cc5c160f9fcdc4748563daa4/1040g008312c87sp7lsb041543ks5ctgu1jhq1f0!nd_dft_wlteh_webp_3,http://sns-webpic-qc.xhscdn.com/202511281704/4c232398fd20dd73d6a94b22c84280c3/1040g008312c87sp7lsbg41543ks5ctgufra149g!nd_dft_wlteh_webp_3,http://sns-webpic-qc.xhscdn.com/202511281704/4c8c699fa3af73b7de7e7d06ad600a8a/1040g008312c87sp7lsc041543ks5ctgukv8dc0g!nd_dft_wlteh_webp_3","沉浸式戏剧,sleepnomore,不眠之夜,不眠之夜攻略,不眠之夜上海沉浸式体验,上海周末去哪儿,上海旅游攻略,上海旅游必打卡",1764320728550,https://www.xiaohongshu.com/explore/6635d2f8000000001e01bff6?xsec_token=ABbLuCBSDT5_9lteka7l6zH_NttRt-M24Oej64z97Ktvs=&xsec_source=pc_search,上海 不眠之夜,ABbLuCBSDT5_9lteka7l6zH_NttRt-M24Oej64z97Ktvs=
65f903fa000000001203d9d5,normal,【不眠之夜】超细攻略！有剧透，看图,"📍关于买票
购买以后演出前一天会发你一个短信，短信里面有个网址，点开有个二维码，到时候取票的时候给工作人员扫码就行。
📍关于时间
我是2024年3月16日买的周六票去看的，14点的票，当时13：14就到了麦金侬酒店，票房已经有十几个人排队了（取票是13：30开始，但其实当时我13：22就开始取票了），不过也不算迟，我进到曼德雷酒吧还有位子坐，没位子真的会累。
📍关于存包存外套&手机
进去以后先会经过一个门，里面都是密码柜子（我估计是存行李的，但当时没存，我觉得还不如放酒店方便），第二个门才是真正的入口，第二个门这里可以一边排队，一边把外套存了，工作人员会给一个捕鱼用的抽屉式塑料大白箱子，存了会给个手牌（里面单衣真的不会冷，因为没有窗户，且都是昏黄的舞台灯，建议脱外套，不脱没关系，会感觉有点闷，但我没出汗，我穿了大外套、保暖衣和羊毛衫，我还稳稳的跟住了男巫😬）
过了存外套处会先给发扑克牌，我特地和同伴分开了，他问我们几个人，我就说一个人，所以都是A牌，第一批。
再走一段路会给发手机包，是毛毡材质的长方形手机包，工作人员会建议先把手机扑克牌放进包里，然后双手撑两边墙壁，走过一个1.5人宽的黑廊道，黑黢黢，看不见一点，啥恐怖也没有，建议不要自己吓自己，我前后的女生都在叫😂😂😂
📍关于鸡尾酒
我是买的第一场有送，穿过黑廊道就是入场点曼德雷酒吧，吧台里面好几排的鸡尾酒，早就倒好了，自选是否要酒精，反正味道一般，但很解渴（不太甜不太酸不太有气泡的柠檬水）。
📍关于厕所
演出场地里面也有厕所的，反正我看到二楼五楼都有，还挺干净，虽然我觉得大部分人都不会中途上厕所的，但万一呢😂。
📍关于正式入场
一男一女两位主持14点开始唱歌说规则，第一批差不多14点10分左右进去，在这之前请吨吨炫完鸡尾酒，然后角落集中，拿上面具封好包（就用商店羽绒服那种磁的钉针钉好的）等电梯（等的时候女主持还会嘱咐几句），然后进电梯。
#不眠之夜上海沉浸式体验[话题]# #不眠之夜上海[话题]# #不眠之夜白蛇[话题]##不眠之夜男巫[话题]##不眠之夜攻略[话题]##不眠之夜地图[话题]#",,1710818298000,1716047747000,60d2d97b000000000101f7d6,小红薯60D3D0D2,https://sns-avatar-qc.xhscdn.com/avatar/1040g2jo31gqadhe9jq605o6ir5tgbtumlmlq98g,5125,4538,144,3581,,"http://sns-webpic-qc.xhscdn.com/202511281704/22376302a0b6a4ce39da3b983189931b/1040g008310grvbn4mi605o6ir5tgbtumahmpoi8!nd_dft_wlteh_webp_3,http://sns-webpic-qc.xhscdn.com/202511281704/4fae813e3d8d34d2bfa98464536409b1/1040g008310grvbn4mi5g5o6ir5tgbtumh740dd8!nd_dft_wlteh_webp_3,http://sns-webpic-qc.xhscdn.com/202511281704/a7bfad6f8e998c9b24e58f855260bd53/1040g2sg312upidfslkcg5o6ir5tgbtumokk0hno!nd_dft_wlteh_webp_3,http://sns-webpic-qc.xhscdn.com/202511281704/7ea9ad6e3a8ea93d75921988124b99fd/1040g008310grvbn4mi405o6ir5tgbtum4gugd6g!nd_dft_wlteh_webp_3,http://sns-webpic-qc.xhscdn.com/202511281704/697066334917f68e08f221305d9067fc/1040g008310grvbn4mi305o6ir5tgbtumce4jau0!nd_dft_wlteh_webp_3,http://sns-webpic-qc.xhscdn.com/202511281704/99829152b9a2f4601b723b4fe465d631/1040g008310grvbn4mi3g5o6ir5tgbtumm9p4a58!nd_dft_wlteh_webp_3,http://sns-webpic-qc.xhscdn.com/202511281704/89f320716e527adbf8e54a5e210eb933/1040g008310grvbn4mi2g5o6ir5tgbtumtq7rd28!nd_dft_wlteh_webp_3,http://sns-webpic-qc.xhscdn.com/202511281704/b35d94ade9f4f8ca3876fb44ab313407/1040g008310grvbn4mi505o6ir5tgbtumlhqvvi8!nd_dft_wlteh_webp_3,http://sns-webpic-qc.xhscdn.com/202511281704/3b818f3703219b2e7fcba4e3c092bb1a/1040g008310grvbn4mi205o6ir5tgbtum6bbtc2g!nd_dft_wlteh_webp_3,http://sns-webpic-qc.xhscdn.com/202511281704/d69d5adc07f1145681585ccdfe5f334a/1040g008310grvbn4mi1g5o6ir5tgbtumglqnu5g!nd_dft_wlteh_webp_3,http://sns-webpic-qc.xhscdn.com/202511281704/730d5c3a7ab2359b5dfa80a2da43b8bc/1040g008310grvbn4mi105o6ir5tgbtums490gr0!nd_dft_wlteh_webp_3,http://sns-webpic-qc.xhscdn.com/202511281704/69c39f742f301c187b1bd37b56dca96b/1040g008310grvbn4mi0g5o6ir5tgbtums889vpo!nd_dft_wlteh_webp_3,http://sns-webpic-qc.xhscdn.com/202511281704/3de7ef18c060a2616ad5dd51623973ee/1040g008310grvbn4mi005o6ir5tgbtumm64cf9g!nd_dft_wlteh_webp_3,http://sns-webpic-qc.xhscdn.com/202511281704/991c6666ef7ebf50ce1fb02af9248617/1040g2sg310gs1v706a6g5o6ir5tgbtumscj8tbo!nd_dft_wlteh_webp_3,http://sns-webpic-qc.xhscdn.com/202511281704/d2759ff96b1455b10c546117829521cd/1040g2sg310gs1v706a5g5o6ir5tgbtum2epviv8!nd_dft_wlteh_webp_3,http://sns-webpic-qc.xhscdn.com/202511281704/cf71271b0144b3236f55fb20cdd13271/1040g2sg310gs1v706a3g5o6ir5tgbtumfgpam30!nd_dft_wlteh_webp_3,http://sns-webpic-qc.xhscdn.com/202511281704/18218746b136c77a5c292fc9c8b0714a/1040g2sg310gs1v706a205o6ir5tgbtumpjtlubg!nd_dft_wlteh_webp_3,http://sns-webpic-qc.xhscdn.com/202511281704/55f14487fbf3a753fec8915d8d5f39ce/1040g2sg310gs1v706a305o6ir5tgbtumrqfj0dg!nd_dft_wlteh_webp_3","不眠之夜上海沉浸式体验,不眠之夜上海,不眠之夜白蛇,不眠之夜男巫,不眠之夜攻略,不眠之夜地图",1764320728563,https://www.xiaohongshu.com/explore/65f903fa000000001203d9d5?xsec_token=ABrm88eiAtdxiPkVn8YSxjwqqOGOFCR8uOY0I0HiwDHPU=&xsec_source=pc_search,上海 不眠之夜,ABrm88eiAtdxiPkVn8YSxjwqqOGOFCR8uOY0I0HiwDHPU=
64551dc8000000001300028e,normal,谁懂 看不眠之夜直接亲到卡琳娜,"一场不眠之夜的沉浸式话剧
和卡琳娜0排队贴贴合影
她主动亲了我的手！！她说：give me your hand！！然后牵过了我的手亲了一下！！！
然后我就偷偷亲亲了她侧脸一下…好软🤤………
我：i love u（流泪猫猫头🥺
卡琳娜：谢谢（笑）（中文）
而且我是第一个被营业的呜呜呜之前卡琳娜只是和别人普通合影T T
可能是卡琳娜听懂了我和朋友说我cp29没贴成所以开始营业了！！！
太幸运了我趣啊啊啊啊啊啊啊啊啊完全没排队 剧也很好看！！！！！
谁懂 谁懂 谁懂！！！
不止是卡琳娜还和星悦美女聊了天合了影（本人美到像芭比娃娃 死亡手机打光拍不出来><
只能说赢麻了 赢麻了
我宣布我和灿子是这周上海最幸运的人！！
谢谢你无眠之夜 下次必来二刷感谢🙏
现在在发疯 并霸凌小红薯所有人🥳
	
#卡琳娜[话题]# #cp29[话题]# #发疯文学[话题]# #星悦[话题]# #卡琳娜漫展[话题]#",,1683299784000,1683436976000,5d331483000000001001c709,澜澜澜空,https://sns-avatar-qc.xhscdn.com/avatar/6023abf1d01e5647faa15a90.jpg,3461,263,164,320,,"http://sns-webpic-qc.xhscdn.com/202511281704/1fcac262ec2957acd4ef538d0db8f27a/1000g0082er8gk0gh80005n9j2i1k3ho9d94vs5g!nd_dft_wlteh_webp_3,http://sns-webpic-qc.xhscdn.com/202511281704/8e2ec31e07e37c9c22926f734786c099/1000g0082f3e66g6gs0005n9j2i1k3ho96i1m5r0!nd_dft_wgth_webp_3,http://sns-webpic-qc.xhscdn.com/202511281704/a764514113487b77d2a67035856c77ae/1000g0082er8gk0gh800g5n9j2i1k3ho965sjpe8!nd_dft_wgth_webp_3","卡琳娜,cp29,发疯文学,星悦,卡琳娜漫展",1764320728573,https://www.xiaohongshu.com/explore/64551dc8000000001300028e?xsec_token=ABLkWg0o6hV6cRj4AIFlsSJtmnkS_Wizw2HgMm4irHMtQ=&xsec_source=pc_search,上海 不眠之夜,ABLkWg0o6hV6cRj4AIFlsSJtmnkS_Wizw2HgMm4irHMtQ=
607af4f6000000002103efe3,normal,在上海没事干，不妨去看sleep no more🎭,"📍𝑺𝒉𝒂𝒏𝒈𝒉𝒂𝒊
🎭 𝗦𝗹𝗲𝗲𝗽 𝗻𝗼 𝗺𝗼𝗿𝗲 一刷
	
根据莎士比亚麦克白改编、纽约红极一时的沉浸式戏剧，在上海开演4年，现在依然每周在上海北京西路的麦金侬酒店上演。
真的是一部值得一看，并且经的住反复看的好剧，毕竟一个5层楼、90多个房间的大舞台，有太多副本可以解锁。
-
	
❏𝙏𝙞𝙘𝙠𝙚𝙩𝙨怎么购票
周三到五只有晚场，周六日有下午场和晚场
晚场有4档票，入场时间不用，越早入场可以看的轮次越多
推荐7点场，票价💰𝟖𝟓𝟎，还送一杯鸡尾酒🍹
-
	
❏𝙏𝙝𝙚 𝙨𝙝𝙤𝙬怎么看剧
如果是第一次看，并且是最早进场的，第一轮推荐先跟麦克白
进去之后不管被安排在哪一层电梯下去，先到一楼大厅，开场有一个舞会，麦克白会站在栏杆后面，不要管其他的，眼疾脚快跟上去就行。
第二三轮根据喜好和眼缘随便跟就好了，反正我看谁美/帅就跟谁[害羞R]
-
不可错过的几场戏：
❶4楼伊乐园
跟着麦克白就能看到，麦克白和女巫男巫在这里有一场非常震撼的戏，声光电的配合极其迷幻，舞台效果非常炸裂。
	
❷4楼小屋打斗
王子线的一场戏，一般全场最高最帅的人会演王子
王子线比较凌乱，但是这场打斗戏非常精彩，屋里只能站5、6个观众，一定要跟紧，不然就被关在门外了。
	
❸5楼
5楼竹林可以解锁中国版特有的白蛇传剧情
-
	
❏𝙊𝙩𝙝𝙚𝙧 𝙏𝙞𝙥𝙨
①穿舒服的鞋！
跟线是个体力活，要跟着演员满楼跑，演员个个都跑的贼快，一不小心就跟丢了，或者不能跟在最前面
.
②建议自己看自己的，不要和同伴“手牵手”。
其实我觉得这是个非常适合一个人看的戏，根本不会孤单，因为全程没台词，看剧过程观众最好也不好说话打扰表演，所以和朋友一起反而会比较不方便。
.
③解锁𝙤𝙣𝙚 𝙤𝙣 𝙤𝙣𝙚 剧情
如果想要解锁1v1建议穿裤子，不要问我怎么知道的，因为我穿了裙子每次都不选我，后来才知道是因为有的剧情需要观众趴下来，裤子会方便一些。
不过因为疫情目前所有1v1都取消了，暂时还没恢复。
-
期待能去上海更多刷",,1618670838000,1618670838000,54fa7394d39ea23737a31dd8,后厂村静静,https://sns-avatar-qc.xhscdn.com/avatar/60d8974a50e76428b4e86780.jpg,3337,3170,130,3054,,"http://sns-webpic-qc.xhscdn.com/202511281704/3f535b4ec3254a1f72055ea3ed9c3138/f1df817d-cc87-3d27-88ca-663a9dacb576!nd_dft_wlteh_webp_3,http://sns-webpic-qc.xhscdn.com/202511281704/6929b25c8d6540f5cd2b596850cb9964/1d02b858-2dcb-36c5-8644-5b8ef3ca542f!nd_dft_wlteh_webp_3,http://sns-webpic-qc.xhscdn.com/202511281704/55c1f8ede222867b185956bbcb15d20e/1071a560-a1b5-369b-a3ab-0c6ffd9717a2!nd_dft_wlteh_webp_3,http://sns-webpic-qc.xhscdn.com/202511281704/f4a5ad62e0b72c98ae48c84d44d21b33/bacd662a-577f-3b8b-810a-cdd06601b83f!nd_dft_wlteh_webp_3,http://sns-webpic-qc.xhscdn.com/202511281704/0748f2aeb7aeae8c8767e2b1766dd47e/0540af4e-8376-3ecf-a897-29655397f4fb!nd_dft_wlteh_webp_3,http://sns-webpic-qc.xhscdn.com/202511281704/a7cf0d51d8fcb513623b07f425544d64/d6ce42bb-033b-3e57-8ac8-65094bc528de!nd_dft_wlteh_webp_3,http://sns-webpic-qc.xhscdn.com/202511281704/da847e137f39e285ceb0c3c6768c1db8/344bc1ac-167a-3f6c-931c-48038770af66!nd_dft_wlteh_webp_3,http://sns-webpic-qc.xhscdn.com/202511281704/45d0e7cc919a2e56a1af55df7ab4021e/1b4e93df-e155-3a9d-9d7f-c4c4c43eea6b!nd_dft_wlteh_webp_3",,1764320728586,https://www.xiaohongshu.com/explore/607af4f6000000002103efe3?xsec_token=ABX8LYtzK_L-2RrU0Qga_mfciT1FgA8cGZDZ__0MZNwgY=&xsec_source=pc_search,上海 不眠之夜,ABX8LYtzK_L-2RrU0Qga_mfciT1FgA8cGZDZ__0MZNwgY=
65410f15000000002202d0e8,normal,Sleep no more首刷攻略地图认人（剧透版）,"二刷后说说我的体验～真的建议首刷做好攻略！，至少了解小说剧本角色。我第一次就是临时去的只觉得演员蛮专业的很震撼but真的看不懂剧情[捂脸R]入场落单被npc放在坟墓吓得直接懵了二十分钟。
	
中外演员都有，没有台词的全靠肢体语言表达，不用担心听不懂。剧情循环演三遍，新手建议跟麦克白，主线剧情精彩场景基本都不会错过～
	
记得穿舒服的鞋子，楼上楼下跟着跑考验体力！想要解锁1v1 穿闪片浅色衣服更容易被注意到，跟得紧+主动主动主动！
	
二刷做了攻略，第一轮跟麦克白（图2长桌最左）第二轮跟麦克白夫人（长桌最右）第三轮跟了最感兴趣的男巫，卡司好帅互动超多[偷笑R]
	
真的太精彩了值回票价！祝你们玩得开心
	
#SleepNoMore上海[话题]# #沉浸式话剧[话题]#  #Sleep no more - 不眠之夜[话题]#",,1698762517000,1698810613000,62482d070000000010004836,TTproject,https://sns-avatar-qc.xhscdn.com/avatar/62482dee44686988204c8e30.jpg,3236,3026,97,2623,,"http://sns-webpic-qc.xhscdn.com/202511281704/ad91d8e07f716e2b291391c9b3ed2ffe/1040g2sg30qt7am4cgg005oi85k3k0i1m20v8ohg!nd_dft_wlteh_webp_3,http://sns-webpic-qc.xhscdn.com/202511281704/df50b46df93f162b3233cc636e1d8368/1040g2sg30qt7am4cgg0g5oi85k3k0i1mirf2neo!nd_dft_wlteh_webp_3,http://sns-webpic-qc.xhscdn.com/202511281704/6d04d7d88b96f4ab9a61b6d3c2d5d14f/1040g00830qtu8jq50g005oi85k3k0i1m923s42g!nd_dft_wlteh_webp_3,http://sns-webpic-qc.xhscdn.com/202511281704/1cfe1e41aed3d966540625f712018369/1040g00830qtu8jq50g0g5oi85k3k0i1mqgl4pl0!nd_dft_wlteh_webp_3,http://sns-webpic-qc.xhscdn.com/202511281704/ec71d284455d45fa728f241bfc965c82/1040g2sg30qt7am4cgg205oi85k3k0i1msvtj4ig!nd_dft_wlteh_webp_3,http://sns-webpic-qc.xhscdn.com/202511281704/41df487328c4ad81d265989137d81b95/1040g2sg30qt7am4cgg2g5oi85k3k0i1mpbj724g!nd_dft_wlteh_webp_3,http://sns-webpic-qc.xhscdn.com/202511281704/1165d094971a4578dcc4e2bd383a11d4/1040g2sg30qt7am4cgg305oi85k3k0i1m8d3qsqg!nd_dft_wlteh_webp_3,http://sns-webpic-qc.xhscdn.com/202511281704/9665633dc0a631dcc8e17faaf91f02d2/1040g2sg30qt7am4cgg3g5oi85k3k0i1md3rg70o!nd_dft_wlteh_webp_3,http://sns-webpic-qc.xhscdn.com/202511281704/fc28667943f2fbd88e65af0e35fcbb55/1040g2sg30qt7am4cgg405oi85k3k0i1m46u9rf0!nd_dft_wlteh_webp_3","SleepNoMore上海,沉浸式话剧,Sleep no more - 不眠之夜",1764320728594,https://www.xiaohongshu.com/explore/65410f15000000002202d0e8?xsec_token=ABEwi_6zl9Yb5wJuTgfX24pDN9SEZMSEnMVwc-s3n4Z90=&xsec_source=pc_search,上海 不眠之夜,ABEwi_6zl9Yb5wJuTgfX24pDN9SEZMSEnMVwc-s3n4Z90=
65119fca000000001e00d835,normal,🩸首刷麦克白/不眠之夜 一身血！,"家人们家人们，太社死/哦不，太逼真了！
献祭那场戏，血婴出现的时候，我被空中散落的脏器砸到，当时觉得这效果绝了！回酒店才发现…妈呀？！衣服上都是血！我就穿着🩸衣…顶着🩸头…citywalk上海，难怪给我洗jio按摩的大妈…大气不敢出一个～[失望R][抓狂R][偷笑R]
[氛围感R][氛围感R][氛围感R]
另外，谁能帮我解惑：
1. 麦克白夫人对国王有真情吗？为何国王死后她戴着国王送的项链悲伤的在墓地转悠？
感谢@ Lilith热心解答。
	
2. 你们的男巫也专挑男生1v1吗？还老挑同一男幽灵…难道是为了更符合人设？
3.三巫献祭之后的红衣女是谁？青衣的独舞想表达什么呢？
感谢@Eden 热心解答！
#麦克白[话题]# #不眠之夜[话题]# #Sleep no more - 不眠之夜[话题]#",,1695653834000,1697778467000,5dd9dab10000000001002b8e,Charlotte_米波,https://sns-avatar-qc.xhscdn.com/avatar/5dd9db00ea736c0001a5060d.jpg,2060,556,220,254,,"http://sns-webpic-qc.xhscdn.com/202511281704/5becaad883e3062102311a173755f253/1040g00830pesubf95i005nepraog8asesq3t77o!nd_dft_wlteh_webp_3,http://sns-webpic-qc.xhscdn.com/202511281704/3c705efba0a4cd6c0a150f92dfc198d2/1040g00830pesubf95i0g5nepraog8asedj0cebg!nd_dft_wlteh_webp_3,http://sns-webpic-qc.xhscdn.com/202511281704/ded6f0a7787a0dc56359a9989d859324/1040g00830pesubf95i105nepraog8asejja001g!nd_dft_wgth_webp_3,http://sns-webpic-qc.xhscdn.com/202511281704/c2f03afbe57a23e44de98465f6fd7a30/1040g00830pesubf95i1g5nepraog8asee37a8tg!nd_dft_wlteh_webp_3,http://sns-webpic-qc.xhscdn.com/202511281704/c99a29d86d3504c3b2f97e5dfead941e/1040g00830pesubf95i205nepraog8asejudvj5g!nd_dft_wgth_webp_3","麦克白,不眠之夜,Sleep no more - 不眠之夜",1764320728601,https://www.xiaohongshu.com/explore/65119fca000000001e00d835?xsec_token=ABYviCrW4ULzplmDH0r3KOtlq0RW015UFgP9uUS1YX_HM=&xsec_source=pc_search,上海 不眠之夜,ABYviCrW4ULzplmDH0r3KOtlq0RW015UFgP9uUS1YX_HM=
6603e49b00000000120367e0,normal,上海不眠之夜🎭新手保姆级攻略📚 收藏版✅,"本周四刷魔都沉浸式戏剧天花板《不眠之夜》（之前在17、18、22年各刷过一轮）
.
现场依旧非常震感，而且明显感觉这次在细节上又有了很大的提升‼️
.
🤟🏻这次成功解锁了电话亭1v1，和女巫手牵手近距离，我心脏❤都要跳出来了，而且是从暗道出来的哦
.
以下整理了我四刷经验，分享给即将去首刷的朋友们，码住这份最全攻略🖼，不然三个小时全程蒙圈，一直在考虑谁是谁？！
.
入场流程:
🖼入场流程：换票━排队━寄包━寄外套━拿牌━等叫号━封存手机━领取面具━进入剧场
.
1⃣️排队
每个场次提前半小时取票，拿了票再排队，无需提早太多
.
2⃣️拿牌
沉浸式戏剧最希望你能独自探险，所以从进场开始，工作人员就目标要分开一起去的朋友
🃏发牌的时候，走在一起的人必定会拿到不一样的牌号，这是你入场的顺序，只跟你拍上数字有关，花色无关，数字越小进场越早
.
3⃣️等叫号
🍸走到2楼酒吧，可以点杯酒坐一会儿，但是入场前必需喝掉，要时刻留意酒吧主持人的叫号，注意你牌的数字
.
4⃣️入剧场
手机封存分发面具，等候电梯入场。
坐电梯也有讲究哦！这再次为了打散同行的人，电梯会在5、4、3楼层各停下，每次会随机安排几个人出去独自探索，最后全部在1楼出，㊙️这里越是往后站，越不容易被提前推出去
.
首刷必知:
🍿一场演出总共3个小时，故事情节是循环演出的，实际是演两轮半，而且是相同的循环，所以无论几点入场都是可以看到完整剧情的
.
全程不能脱掉面具🎭，不能说话，演员只有肢体表演，没有语言障碍
.
⚠️首刷一定要有目标，切记盲目在各房间穿梭去换人跟，地形、剧情都不熟很容易蒙圈
.
📚建议可以各跟一圈麦克白和麦克白夫人，麦克白承包了故事主线，和麦克白夫人两人的对手戏很多，而且看的人惊心动魄！
.
💯必看片段：
伊乐园、两场卧式戏，女主卧式独舞，浴缸湿身都是强推的！
.
🔋关于1v1：
这部戏的另一大亮点就是独自探索，我看过4次，每一次都能解锁新的剧情和视角
👀并且独自探索还有机会解锁演员1v1互动，建议跟支线角色更容易解锁哦！
如：女巫在电话亭、护士在墓地都是我已知极可能被1v1的点
.
#不眠之夜[话题]# #周末去哪儿[话题]# #上海看剧[话题]# #不眠之夜上海沉浸式体验[话题]# #沉浸式戏剧[话题]# #上海旅行[话题]# #沉浸式戏剧[话题]# #上海[话题]# #上海旅行[话题]#",,1711531163000,1711551429000,5afa5d6ef7e8b940b415c83f,Allen Yuan,https://sns-avatar-qc.xhscdn.com/avatar/62d0ce79de9059a4d14bc6d5.jpg,1935,1804,112,5374,,"http://sns-webpic-qc.xhscdn.com/202511281704/d11841c5f58249b56d3e467b27aab767/1040g2sg310rfspbvmm004a5bbnemti1vpogkd30!nd_dft_wlteh_webp_3,http://sns-webpic-qc.xhscdn.com/202511281704/77c746bcec98dd8b1931d978894556bd/1040g2sg310rfspbvmm0g4a5bbnemti1v87s8c60!nd_dft_wlteh_webp_3,http://sns-webpic-qc.xhscdn.com/202511281704/af1984764b99d429cc33c1f14b286919/1040g2sg310rfspbvmm104a5bbnemti1v2k28bj0!nd_dft_wlteh_webp_3,http://sns-webpic-qc.xhscdn.com/202511281704/03f4c19d796bdb540806ebb690638b59/1040g2sg310rfspbvmm1g4a5bbnemti1vkendeb0!nd_dft_wlteh_webp_3,http://sns-webpic-qc.xhscdn.com/202511281704/15b76a6e8f348777682d1b3c46cefeed/1040g2sg310rfspbvmm204a5bbnemti1vgvndao0!nd_dft_wlteh_webp_3,http://sns-webpic-qc.xhscdn.com/202511281704/7e29b6c6fc9b3a09bf070f113a99b3fa/1040g2sg310rpi1ttme004a5bbnemti1vei2dm7o!nd_dft_wlteh_webp_3,http://sns-webpic-qc.xhscdn.com/202511281704/7e282a5f16e1170fd0538557ea027ad4/1040g2sg310rpi1ttme0g4a5bbnemti1vrjd3sv8!nd_dft_wlteh_webp_3,http://sns-webpic-qc.xhscdn.com/202511281704/baf8535c90528a64754ca68fb4f8c07e/1040g2sg310rfspbvmm3g4a5bbnemti1vjnmmr18!nd_dft_wlteh_webp_3,http://sns-webpic-qc.xhscdn.com/202511281704/9869cf2af180fc441aa77c6717040ffd/1040g2sg310rfspbvmm404a5bbnemti1v1q50lsg!nd_dft_wlteh_webp_3,http://sns-webpic-qc.xhscdn.com/202511281704/a9e23ddd6438c076a7d58ed01ef1d251/1040g2sg310rfspbvmm4g4a5bbnemti1v6roioa8!nd_dft_wlteh_webp_3,http://sns-webpic-qc.xhscdn.com/202511281704/da4c2320f03bf1a45e2267fa1ee64c76/1040g2sg310rfspbvmm504a5bbnemti1vponokq8!nd_dft_wlteh_webp_3,http://sns-webpic-qc.xhscdn.com/202511281704/77ad2a66d4ebb71845418a48967aae4e/1040g2sg310rfspbvmm5g4a5bbnemti1v3sq4ieg!nd_dft_wlteh_webp_3,http://sns-webpic-qc.xhscdn.com/202511281704/069bb5e0929fe607246697d5d5963a57/1040g2sg310rfspbvmm604a5bbnemti1v0b69vk0!nd_dft_wlteh_webp_3,http://sns-webpic-qc.xhscdn.com/202511281704/fbf90110326baef0a8cfc7b8d9c5b7c5/1040g2sg310rfspbvmm6g4a5bbnemti1v5ahpfrg!nd_dft_wlteh_webp_3","不眠之夜,周末去哪儿,上海看剧,不眠之夜上海沉浸式体验,沉浸式戏剧,上海旅行,上海",1764320728609,https://www.xiaohongshu.com/explore/6603e49b00000000120367e0?xsec_token=ABuy95Niwm5gBysacsuL_FfHpi62j42okJdqOJDAu6dvQ=&xsec_source=pc_search,上海 不眠之夜,ABuy95Niwm5gBysacsuL_FfHpi62j42okJdqOJDAu6dvQ=
6584246a000000003a00ddd6,video,不让拍照，但是亲到了,#天选之女[话题]# #只爱陌生人[话题]# #一日游[话题]# #吃点好的[话题]# #上海周末[话题]# #不眠之夜[话题]#,http://sns-video-bd.xhscdn.com/pre_post/1040g2t030suniqhkka005on0lhgnjlhi45d1um8,1703158890000,1703788888000,62e0ac61000000001e01d632,changelababy辣堡,https://sns-avatar-qc.xhscdn.com/avatar/64707ec663774f70a048106c.jpg,1410,227,84,57,,http://sns-webpic-qc.xhscdn.com/202511281705/a83d7b6af049a15e77c754e1a64e1a61/1040g00830sunm2aik2005on0lhgnjlhic3tc258!nd_dft_wlteh_webp_3,"天选之女,只爱陌生人,一日游,吃点好的,上海周末,不眠之夜",1764320728615,https://www.xiaohongshu.com/explore/6584246a000000003a00ddd6?xsec_token=AB0eaOhigl7vJEdH1FQU7VCkbYGcFFUEn4b1IPhOECiaQ=&xsec_source=pc_search,上海 不眠之夜,AB0eaOhigl7vJEdH1FQU7VCkbYGcFFUEn4b1IPhOECiaQ=
6777bac6000000001300ea92,normal,这下真没了，上海的《不眠之夜》也封箱了,"就在刚刚！
sleepNoMore上海（《不眠之夜》上海驻演版）宣布
[凋谢R]在上海驻演了8年的《不眠之夜》将于2025年3月正式封箱
	
而在2024年，纽约的《不眠之夜》也宣布了封箱
	
#不眠之夜[话题]# #sleepnomore[话题]# #上海不眠之夜[话题]#",,1735899846000,1735900032000,66fe813e000000001d033868,帝都戏剧情报站,https://sns-avatar-qc.xhscdn.com/avatar/1040g2jo31c3oaarugs6g5pnug4v7ee38sc7hn00,1273,429,455,6068,,"http://sns-webpic-qc.xhscdn.com/202511281705/fb4023373aba8e2913b32855246c5a99/1040g00831c6jpdhpgu605pnug4v7ee385k0qns0!nd_dft_wlteh_webp_3,http://sns-webpic-qc.xhscdn.com/202511281705/dc3fa16999e67fae832c71ec8fdd1a40/1040g2sg31c6jpdjmgkd05pnug4v7ee384hbgds8!nd_dft_wlteh_webp_3,http://sns-webpic-qc.xhscdn.com/202511281705/4667a64dfa89afcdd6760603a1ab5d5a/1040g2sg31c6jpdjmgkdg5pnug4v7ee38r3fj1d0!nd_dft_wlteh_webp_3,http://sns-webpic-qc.xhscdn.com/202511281705/cc6b057c3d64c40525f721cd666ade9f/1040g00831c6jpdi60s6g5pnug4v7ee38765g4c8!nd_dft_wgth_webp_3,http://sns-webpic-qc.xhscdn.com/202511281705/4229e277580af8715a3d0fdafcf4ac7b/1040g2sg31c6jpdi2gmdg5pnug4v7ee38cm6j9a8!nd_dft_wgth_webp_3","不眠之夜,sleepnomore,上海不眠之夜",1764320728625,https://www.xiaohongshu.com/explore/6777bac6000000001300ea92?xsec_token=ABEAoeJoBh6OhA4rxW1EUnSUDi6FtTZyicP4xHPw1aFc0=&xsec_source=pc_search,上海 不眠之夜,ABEAoeJoBh6OhA4rxW1EUnSUDi6FtTZyicP4xHPw1aFc0=
672f0352000000001a01d6f3,normal,问问上海沉浸剧场推荐,想问问上海沉浸剧场更推荐哪个比较好玩，大约这个月底周末去上海，看了一下很多都推荐不眠之夜，这个周末去体验怎么样，第一次玩沉浸式剧场，想问问去过的姐妹[皱眉R]#沉浸式剧场[话题]# #上海沉浸式剧场[话题]# #不眠之夜[话题]# #不眠之夜上海沉浸式体验[话题]#,,1731134290000,1731134291000,58c239b082ec393bb072540e,假发子zura,https://sns-avatar-qc.xhscdn.com/avatar/1040g2jo30qm79nnp1000499413sr0l0ekri8b20,1250,1513,226,582,,http://sns-webpic-qc.xhscdn.com/202511281705/e7340c46417f1928793f2d35dcf2d68f/1040g2sg319vjcq2i6m70499413sr0l0ei7846b0!nd_dft_wlteh_webp_3,"沉浸式剧场,上海沉浸式剧场,不眠之夜,不眠之夜上海沉浸式体验",1764320728634,https://www.xiaohongshu.com/explore/672f0352000000001a01d6f3?xsec_token=ABiy7R4gFoeKa9FnXnFud9N7wrSg0eUVFkNDVnayMC3sg=&xsec_source=pc_search,上海 不眠之夜,ABiy7R4gFoeKa9FnXnFud9N7wrSg0eUVFkNDVnayMC3sg=
66796c38000000001c029216,normal,不眠之夜Sleep No More🎭我的小抄被没收了,"🎭一刷Sleep No More，为了体验好些，买了工作日7点的票，和队友一起去看。
	
❗划重点，在官方小程序上买比在猫眼上买的票便宜！票面价890的门票，两人票，我们合780买到的。全程我俩都是分开走的，不当牵手情侣狗[暗中观察R]
	
📙看了好多篇xhs上的经验分享，画了个地图小抄，打算迷路的时候拿出来看看。里面光线好暗，凑在在灯下看的时候被工作人员发现了。
	
🥷“不好意思，这里不可以有这个出现。”
🤦🏿‍♀️“啊是吗”
🥷“是的........”
对视几秒，我手里还举着纸条
🤦🏿‍♀️“那你要没收吗”
🥷“呃，是的”
	
🙃然后我就失去了我的小抄。大概是要观众更沉浸场景，更有探索的体验吧。
	
[萌萌哒R]看完以后的观感还是很不错的，早进场真的值得，一进去因为人太少还觉得有点点惊悚，后来才放松下来。一直不觉得人多，直到最后大结局才发现原来这么多人。
	
👩🏻‍🦲我和队友还有被光头女巫（油头女巫）小小1v1一下，值回票价！她太美了！三巫献祭我也都站第一排。舞会和结局的时候都站在麦克白呆过的半层高处，视野很好。虽然也有过挤不进去的场景，但是不影响体验，少看一眼完全没关系。
	
🦹🏼‍♀️演员真的超棒，场景灯光音乐也很专业！看完能讨论回味好久，很多人物和剧情都是要后半场，或者看完了才能回过味来。现在理解为什么会有人重复刷啦。
	
[萌萌哒R]希望以后还能刷一次纽约的。
	
#不眠之夜[话题]#  #不眠之夜上海沉浸式体验[话题]# #不眠之夜上海[话题]# #Sleepnomore[话题]# #sleepnomore上海[话题]#",,1719233592000,1719233592000,64f234ea0000000006030c0d,多伦多疯糖姜,https://sns-avatar-qc.xhscdn.com/avatar/1040g2jo30u9f1vfr5c005p7i6jl1m30d5c8q5gg,1117,495,132,371,,"http://sns-webpic-qc.xhscdn.com/202511281705/34f454b0c349304980b4ca26c972c039/1040g2sg314dpuja662905p7i6jl1m30daiacpog!nd_dft_wlteh_webp_3,http://sns-webpic-qc.xhscdn.com/202511281705/50560b60aec8bb543ea9d08752331dd1/1040g2sg314dpuja6629g5p7i6jl1m30d38nf52o!nd_dft_wlteh_webp_3,http://sns-webpic-qc.xhscdn.com/202511281705/cdc5a49324fefa8c34c9d66261fb7146/1040g2sg314dpuja662a05p7i6jl1m30df04ukq0!nd_dft_wlteh_webp_3,http://sns-webpic-qc.xhscdn.com/202511281705/dc5e1df5af205fb0f24294bf5559d57f/1040g2sg314dpuja662ag5p7i6jl1m30dmkpute0!nd_dft_wlteh_webp_3,http://sns-webpic-qc.xhscdn.com/202511281705/2367352e40e424281d8aa3876a420f9f/1040g2sg314dpuja662b05p7i6jl1m30d9nj9k5o!nd_dft_wlteh_webp_3,http://sns-webpic-qc.xhscdn.com/202511281705/b11ba490cae4ad2303295e5c1d8e038c/1040g2sg314dpuja662bg5p7i6jl1m30d86ikgo8!nd_dft_wlteh_webp_3,http://sns-webpic-qc.xhscdn.com/202511281705/0114509564c5ea7828e9e0752d24e4df/1040g2sg314dpuja662c05p7i6jl1m30da11iuv0!nd_dft_wlteh_webp_3,http://sns-webpic-qc.xhscdn.com/202511281705/148cbbe160bded973c2a99b692197774/1040g2sg314dpuja662cg5p7i6jl1m30dgnsana8!nd_dft_wlteh_webp_3,http://sns-webpic-qc.xhscdn.com/202511281705/c3b34cfd06231dd0b189c5c647521b74/1040g2sg314dpuja662d05p7i6jl1m30diiaac98!nd_dft_wlteh_webp_3","不眠之夜,不眠之夜上海沉浸式体验,不眠之夜上海,Sleepnomore,sleepnomore上海",1764320728642,https://www.xiaohongshu.com/explore/66796c38000000001c029216?xsec_token=ABnbKe3WlSjHTJGvBJA86hWXSf6-gOZ8969QgrOQOROeQ=&xsec_source=pc_search,上海 不眠之夜,ABnbKe3WlSjHTJGvBJA86hWXSf6-gOZ8969QgrOQOROeQ=
674bdf1a000000000702873f,normal,真情建议所有情侣 先分手再看不眠之夜,"终于打卡了惦记四五年的不眠之夜Sleep no more，不愧是很多人沉浸式戏剧的启蒙作品，全场体验都极好，只有一个槽点：我是捅了什么情侣窝了吗？？？
	
即使主持人在开演前【多次提醒】，不要牵手、建议分开观看，还是有一大堆异性恋同性恋的情侣手拉手，我还遇到一对，全程搂抱着看……真的非常离谱+危险！！！
	
如果您还没看过+有对象+计划一起去，为了世界的和平、上海市的治安、100+位人类的乳腺畅通，恳请您看完下面的话：
	
1.楼梯，所有人至少得爬3-5次，很窄，两个人拉手站一起，会把楼梯堵得严严实实，你们会被所有人在心里“祝福”，很损个人功德！
	
另外，千万不要两个人牵手加速跑！！！场地里有家具有墙壁有小台阶，两个人这样跑，真的容易出事！！
	
2.如果你们被人群冲散分开了，千万不要伸手乱摸乱拉，摸到陌生人，你也尴尬，人家也尴尬……
	
3.警告所有男性，没有人想听你给你的女朋友讲解剧情！！！For those English zhuangbinan,  SHUT *** **** UP !
	
4.真心劝告所有女生，你是个独立的个体，你有独立的人格和独立的头脑，你的男朋友说的很多都是错的，这里只是黑了一点，全程都不可怕，一个人看，演员还很有可能随机和你互动，很有趣！
果断一点，甩开那个男人！！！
	
5.（平复情绪之后的良心建议）根据个人的不准确推断，1个人，1次，最多也就能解锁30%左右的剧情，而1张票最便宜也是700块，真的好也确实不便宜，每个观众，都想努力多刷一些剧情，看值一点。
所以，2个人，各自探索，刷不同的剧情，结束了晚上在酒吧吃吃喝喝，分享各自经历的剧情，700块就看出了1400的效果！价值翻倍！多好！
	
只能帮到这里了，祝福大家无论一个人还是一群人，都有一个美好的观剧体验🙏
	
【2025.7更新】这条笔记每新增一个赞和评论，我就知道，重新开演以后，又有新的受害者了[笑哭R]再次呼吁一下，文明观剧，从我做起[棒R]
#不眠之夜[话题]# #上海[话题]# #sleepnomore[话题]# #戏剧[话题]# #沉浸式戏剧[话题]# #情侣日常[话题]# #情侣约会[话题]# #约会必备[话题]#",,1733025562000,1751373498000,5a805da611be106642cad4cb,白一咪,https://sns-avatar-qc.xhscdn.com/avatar/1040g2jo30v203u5g5i004a1dareqdl6bmkf2v6o,1053,269,284,536,,http://sns-webpic-qc.xhscdn.com/202511281705/45dfaf2ca9c26acdd2be22d2c3b6eee6/1040g00831arp7a47726g4a1dareqdl6bdg36cp0!nd_dft_wlteh_webp_3,"不眠之夜,上海,sleepnomore,戏剧,沉浸式戏剧,情侣日常,情侣约会,约会必备",1764320728653,https://www.xiaohongshu.com/explore/674bdf1a000000000702873f?xsec_token=ABhtiZ4Zr3yRCLY6iB3d_wfBZnlYkj7V67l_OtNN7wbJs=&xsec_source=pc_search,上海 不眠之夜,ABhtiZ4Zr3yRCLY6iB3d_wfBZnlYkj7V67l_OtNN7wbJs=
66078adc000000001a00f900,normal,上海 Sleep No More 不眠之夜首刷建议,"👣购票：
淘宝/大麦/微信小程序。
很火，建议提前订票。场次不是每天都有，最长可玩足三小时，晚场结束时间是22:00，买19:00、19:20、19:40的票，都是在22:00集合看到麦克白被吊死，一个完整剧情时长1h。
👣流程：
1、提前半小时验票；
2、行李免费寄存，不允许带进去；
3、工作人员发放带数字的扑克牌，提供黑色手机包装随身物品，手机、发光物品等，不允许出现在表演环节；
4、进入黑黑的走道，墙都看不见，最终走到酒吧等候区（有厕所）；
5、按扑克牌数字分组，工作人员发放面具（可带走）、锁手机包，引导进电梯，在电梯里会被工作人员分流，先推一波人出电梯，我被放在了墓地；
6、出电梯正式开启六层楼的剧情环节，全程不允许说话、拍照、碰触演员。
👣路线：
1、经过前期收集攻略，最终选定追麦克白主线和男巫；
2、长桌宴剧情出现三次，这里人物出现最齐全，可以考虑将长桌宴作为追人物的原点，想追谁，就盯紧了。
麦克白比较好追；男巫在长桌宴剧情结束后，会躲在临近舞台的树下，整个剧场很黑暗，要废点眼力蹲下来找。
👣现场：有音效、演员的叫声和鬼魅笑声；室内氛围就是黑，类似恐怖密室效果。
👣必看剧透：
1、麦克白主线：①1F麦克白偷窥夫人与国王跳舞（顺着夫人眼神，可以找到“观众席”的麦克白），心生妒忌，回2F坐床上等候，夫人舞会回来，与麦克白纠缠飞“飞檐走壁”；②麦克白跑向3F用枕头捂死国王，回到房间向夫人哭诉，夫人帮洗澡；
2、男巫（男同）线：①1F舞会后与王子暧昧；②2F电话亭与男仆缠绵；③洗澡（会邀请观众穿鞋穿白色衬衫，身材很炸）；
3、三巫献祭：在4F伊乐园，是我最喜欢的场景，利用频闪的灯创造掉帧一样的定格画面效果，看了两遍都觉得震撼，就是灯光太刺眼。这个场景男巫只穿一条内裤，戴着羊头，每个演员都在疯狂跳跃舞动，看到了带血的婴儿、妩媚的女巫，总之画面很混乱。
👣建议：
1、玩之前先在B站快速脑补剧情；
2、提前记清楚长桌宴的人物角色、穿着特征，便于精准跟随；
从左到右：麦克白（白衬衫黑西裤）、麦克道夫夫人（孕妇）、麦克道夫、女巫、麦尔肯王子、国王、光头女巫、班科、男巫、麦克白夫人
3、穿运动鞋，方便追演员、爬楼梯，演员跑得飞快；不要穿多，里面跑步爬楼三小时，很热；
4、想触发1V1，首先得离演员近，其次要大胆，配合演员剧情发展。
#魔都[话题]# #不眠之夜上海沉浸式体验[话题]#",,1711770332000,1711773424000,5a91587411be104df217c2f8,永不逝去的微笑,https://sns-avatar-qc.xhscdn.com/avatar/5a91587411be104df217c2f8.jpg,941,904,71,1301,,"http://sns-webpic-qc.xhscdn.com/202511281705/7cf0353bd28a45526e3cfd2272cba78b/1040g2sg310v1u7eb6k2g4a1nvkc79gno170u4lg!nd_dft_wlteh_webp_3,http://sns-webpic-qc.xhscdn.com/202511281705/ea8be58d901fd4e082efd0fbe4e3ec03/1040g2sg310v1u7eb6k104a1nvkc79gnoha4825g!nd_dft_wlteh_webp_3,http://sns-webpic-qc.xhscdn.com/202511281705/79a571ec164f217268207740ffa953bb/1040g2sg310v1u7eb6k6g4a1nvkc79gnoouc05v0!nd_dft_wgth_webp_3,http://sns-webpic-qc.xhscdn.com/202511281705/5700eba916fe2f8de1d9223160bbca7d/1040g2sg310v1u7eb6k5g4a1nvkc79gno18cdvk8!nd_dft_wgth_webp_3,http://sns-webpic-qc.xhscdn.com/202511281705/1f933f752a109c4ddce13c2b4bc37e05/1040g2sg310v1u7eb6k504a1nvkc79gnoa7gbtvg!nd_dft_wgth_webp_3,http://sns-webpic-qc.xhscdn.com/202511281705/0e36302ad6103f5554d5d8b049010c66/1040g2sg310v1u7eb6k4g4a1nvkc79gnoagi7tpg!nd_dft_wlteh_webp_3,http://sns-webpic-qc.xhscdn.com/202511281705/0f5e1aa317e8188f3cdefd3488a795ef/1040g2sg310v1u7eb6k004a1nvkc79gnovfontcg!nd_dft_wlteh_webp_3,http://sns-webpic-qc.xhscdn.com/202511281705/b816fb7884824bd04bf2225af86ef9d9/1040g2sg310v1u7eb6k304a1nvkc79gnojr1dd6o!nd_dft_wlteh_webp_3,http://sns-webpic-qc.xhscdn.com/202511281705/483f17258f55171a169f41e0c9a12021/1040g2sg310v1u7eb6k404a1nvkc79gnod9ne6uo!nd_dft_wlteh_webp_3","魔都,不眠之夜上海沉浸式体验",1764320728660,https://www.xiaohongshu.com/explore/66078adc000000001a00f900?xsec_token=ABST-cKJJbc5CI7ROcbCWa5S7Tc3eYYj-kqnedFapC3wA=&xsec_source=pc_search,上海 不眠之夜,ABST-cKJJbc5CI7ROcbCWa5S7Tc3eYYj-kqnedFapC3wA=
66aa4f45000000002701d216,normal,不眠之夜，非常后悔的一次体验,"是我不高级了，看不明白，全程跑跑跑，哪儿哪儿都是人，提前做了攻略知道哪个是主角你也会被很轻易的甩掉，因为看主角的人数站满了一整个屋子，他跑起来你不是前几个你根本追不上。后期很多观众跑累了，在你面前的很多玩家根本跑不动去追角色，后面的全部懵逼…
一个场次放那么多人，想看主角从头跟到尾根本不可能的事情，有角色的地方哪儿哪儿都人山人海
全程演员没有台词，是，没有台词，但会尖叫，很多尖叫
进去之前没有卡司介绍，演出一半被丢进去你根本不知道谁是谁，除非你对原著非常熟悉，看点舞蹈看点演绎你就知道这人是谁了，不然你全程就和我一样，一脸懵逼看这个演员发疯完跟丢下一个演员继续发疯继续跟丢无限循环…对小白极其的不友好
对路人玩家极其不友好，进去就要穿过一个伸手不见五指的走廊，意义何在，手磕到超多次，说是演员演3遍，你即使第一遍一半进去也还有两遍，小白玩家里面演到一半任意楼层给你扔下去，胆子小点里面恐怖的音效可以让你步子都挪不动，即使你胆子大，保你走到哪个楼层都一脸懵逼，然后人山人海
750-900的票，只有很喜欢这种沉浸式默剧或者很喜欢这部剧的人推荐，其余的一概不推荐…
整个体验就像军训一样，观众到处找座位休息然后被工作人员叫起来继续赶路，在这个场地像无头苍蝇一样到处乱窜（做过攻略，知道剧情，知道大概人物，但是确实不熟悉这部剧）
你觉得高级非常好看说明你品位高品味好，我一个普通人我不喜欢，超级不喜欢，很后悔买了票，不要试图说服我，全程戴面具汗流一脸，在一个6层楼的酒店里楼梯上上下下来回跑，感谢这2000不到的价格给我俩买了趟3小时的体能课
#不眠之夜上海沉浸式体验[话题]# #不眠之夜[话题]#",,1722437445000,1722437445000,5693cc8c84edcd747f7f07e1,Florence,https://sns-avatar-qc.xhscdn.com/avatar/6585551363ab000f90e72b00.jpg,863,214,742,839,,http://sns-webpic-qc.xhscdn.com/202511281705/c6089b2ad4cf01bba977dc791713a07d/1040g008315u0dev4ha00453uvv68o1v102a8pe0!nd_dft_wlteh_webp_3,"不眠之夜上海沉浸式体验,不眠之夜",1764320728670,https://www.xiaohongshu.com/explore/66aa4f45000000002701d216?xsec_token=ABzPbgqfw0IH91TR00fT50DDlcf5X-OQHHy-sGz9JdKQk=&xsec_source=pc_search,上海 不眠之夜,ABzPbgqfw0IH91TR00fT50DDlcf5X-OQHHy-sGz9JdKQk=
68d7e0290000000012015f33,normal,不眠之夜在🐟上为什么这么便宜,"下个月19号入沪，想去试试不眠之夜，打开咸鱼发现好多370块出580票的票贩子，有点不敢下手买了
为什么能在🐟上便宜这么多？
#不眠之夜[话题]# #不眠之夜攻略[话题]#",,1758978089000,1758978176000,60715764000000000100ba77,好想变成章鱼,https://sns-avatar-qc.xhscdn.com/avatar/1040g2jo31epat9hq5u6g5o3hati09ejnitavomg,627,442,192,753,,http://sns-webpic-qc.xhscdn.com/202511281705/dc6dde953df0437937cca33494890ce2/1040g00831mug8je3l06g5o3hati09ejnklqcb1o!nd_dft_wlteh_webp_3,"不眠之夜,不眠之夜攻略",1764320728678,https://www.xiaohongshu.com/explore/68d7e0290000000012015f33?xsec_token=ABSYff8NWjfofd7iEBou7Bpmzuh1UZmiWp8rpLkqvmeOY=&xsec_source=pc_search,上海 不眠之夜,ABSYff8NWjfofd7iEBou7Bpmzuh1UZmiWp8rpLkqvmeOY=
68aa8a48000000001c012e91,normal,上海不眠之夜-sleep no more保姆级攻略,"Sleep no more是根据莎士比亚《麦克白》改编的沉浸体验式戏剧，以上帝视角的形式旁观整个故事的发生，通过不同角色演绎将碎片化的信息串联成完整的剧情脉络。
🎞️整体流程：
买票🎫-二维码取票-存包💼-发数字卡牌🃏-上楼进场🏟️-穿越一条很黑的通道-到达酒吧🍹-演唱表演🎤-根据卡牌数字进场-手机静音入袋封包-戴面具-电梯到达不同楼层-进入剧场
💡 小Tips：
1.建议穿舒适便于运动的鞋子，耐脏很重要，过程中真的被身边的人无情踩了很多脚☹️。
2.尽量佩戴隐形眼镜，框架眼镜在佩戴面具时舒适度较差。
3.事先对故事梗概有一定的了解，便于现场更快掌握剧情节奏。
4.J人提前规划好想看的剧情，跟随锁定的角色奔跑，速度要快（别问我为什么知道） ！！！P人佛系随缘，个人认为散漫式体验也很妙不可言，享受当下的表演和探索的过程，不必理会剧情的连贯性，没有那么拥挤，而且配角剧情更易触发1v1环节。
5.尽可能早到，拿牌数字越小入场越早，可快速达到一楼通过长桌晚宴快速辨别重要角色。
6.知道每一楼层的设定及会出现的主要剧情，即便跟丢了演员也可以快速达到接下来想看的剧情发生地。
1️⃣楼宴会厅（长桌宴 有两轮）
2️⃣楼麦克白夫妇卧室/麦金农酒店的大堂/小餐厅
3️⃣楼主墓地/邓肯国王卧室和祈祷室/麦克道夫妇房间
4️⃣楼伊乐园/台球厅/药铺/裁缝铺/标本室（三巫献祭）
5️⃣楼精神病院/竹林
6️⃣楼神秘层（1v1解锁）
（具体布局参考图6）
7.因为手机、电子表会入袋上锁，如果要看时间可以佩戴一块机械表，能大概掌握剧情的进度。
8.能工作日去就别选周末，人太多体验感也会降低。
🙋‍♀️再说一些个人感受：
1.演员们都有很强的信念感，无论是肢体还是眼神表达都很到位。
2.布景精致巧妙，精神病院还散发着淡淡的消毒水味道，加上灯光和音效，代入感很强！看护士小姐姐表演的时候有种玩第五人格现场版的感觉。
3.三巫献祭不容错过，闪烁的灯光打造出一帧一帧的画面效果，视觉冲击力拉满。
4.想体验1v1的小伙伴一定要做到快！准！狠！跟紧演员的步伐站在前排，在演员要找人互动的时候勇敢的站出来。
5.新版较旧版做了调整，除了剧情的变化还减少了一次循环，对于想单刷一次的小伙伴而言就没那么友好了。
#不眠之夜[话题]#
#沉浸式戏剧[话题]#
#sleepnomore[话题]#
#不眠之夜攻略[话题]#",,1756006984000,1756025294000,580497c17fc5b871efc8b457,嘉嘉小丸子,https://sns-avatar-qc.xhscdn.com/avatar/1040g2jo31j2dustfhc0048pkodbs3d2npg4m4fo,612,478,31,1189,,"http://sns-webpic-qc.xhscdn.com/202511281705/1cb5de9ac362e28ff7e643047d9a9454/notes_pre_post/1040g3k831li77m8jlob048pkodbs3d2ndi29lrg!nd_dft_wlteh_webp_3,http://sns-webpic-qc.xhscdn.com/202511281705/9486d4eaf8120f9344176829a1f38a49/notes_pre_post/1040g3k831li77m8jloc048pkodbs3d2nru6glo0!nd_dft_wgth_webp_3,http://sns-webpic-qc.xhscdn.com/202511281705/0d030291c85c0e376dc040da19f91710/notes_pre_post/1040g3k831li77m8jlobg48pkodbs3d2nfji39mg!nd_dft_wlteh_webp_3,http://sns-webpic-qc.xhscdn.com/202511281705/fb12885a19aac6a9d577150b8526a0b8/notes_pre_post/1040g3k831li77m8jlocg48pkodbs3d2nnvqojm0!nd_dft_wgth_webp_3,http://sns-webpic-qc.xhscdn.com/202511281705/3ca77e90a5db8a96fd9240ec5e8b1a7b/notes_pre_post/1040g3k831li77m8jloag48pkodbs3d2n3tmv85g!nd_dft_wlteh_webp_3,http://sns-webpic-qc.xhscdn.com/202511281705/0f44742272582128c921d639b77f7db5/notes_pre_post/1040g3k831li77m8jloa048pkodbs3d2n7kn2cq8!nd_dft_wlteh_webp_3","不眠之夜,沉浸式戏剧,sleepnomore,不眠之夜攻略",1764320728686,https://www.xiaohongshu.com/explore/68aa8a48000000001c012e91?xsec_token=ABjFEY-L7ekvkIb5YijYrS6StBPN86bKCtY4NVQi1SJbI=&xsec_source=pc_search,上海 不眠之夜,ABjFEY-L7ekvkIb5YijYrS6StBPN86bKCtY4NVQi1SJbI=
68256642000000002300382b,normal,不眠之夜的安全隐患真的无人在意吗,"我跟我朋友在昨天的晚场 以为工作日人会很少其实依然拥挤的要命 我跟她分开了所以遇到危险没办法帮助她 事情经过如下：
我朋友在下楼梯 后面有一位男士一直在不停的挤她 我朋友劝说后依然在挤 导致我朋友脸朝下从楼梯上摔下去了 楼梯上人还蛮多的但都无人在意 我朋友脸都磕破了 靠在墙边缓了一会起身去找黑面具的人了 找了很久才找到一个 并且没有提供任何医疗措施还拒绝把她带离 说什么这个时间不能离开？
我朋友要求赔偿 剧方的意思是不是演员导致的他们不管 我朋友想要管理人的电话也被冷嘲热讽说人家不可能管的 我朋友总共就看了二十分钟还一身伤 就算不退款有基础的安全和医疗设备也是应该的吧？不知道在高高在上什么？真的是很无助站都站不起来也找不到人
希望管理方有个合理的解释[微笑R] @SleepNoMore上海
#不眠之夜上海[话题]# #麦金侬酒店[话题]#",,1747281474000,1747282956000,5b9fbb16cdef4000019f1149,埃及吧咋咋,https://sns-avatar-qc.xhscdn.com/avatar/1040g2jo31dvqah1112004b1ii8thc4a9j89cf5g,588,28,151,189,,http://sns-webpic-qc.xhscdn.com/202511281705/07f4d9cc547a09000d29bd74d8ea0748/notes_pre_post/1040g3k031hg6npc63a004b1ii8thc4a9cmkb3bo!nd_dft_wlteh_webp_3,"不眠之夜上海,麦金侬酒店",1764320728694,https://www.xiaohongshu.com/explore/68256642000000002300382b?xsec_token=ABlY-5eJG3zQ5MidubvkLFqi5SsSLUNP736yyGGi9_vbE=&xsec_source=pc_search,上海 不眠之夜,ABlY-5eJG3zQ5MidubvkLFqi5SsSLUNP736yyGGi9_vbE=
