comment_id,create_time,ip_location,note_id,content,user_id,nickname,avatar,sub_comment_count,pictures,parent_comment_id,last_modify_ts,like_count
6462d1c0000000001800a5b5,1684197824000,,645e732d000000000703a51b,美版的貌似是真的不穿的[看R],5a818c894eacab7acbc79c04,粥周舟,https://sns-avatar-qc.xhscdn.com/avatar/643a68af58d0b47698466192.jpg?imageView2/2/w/120/format/jpg,143,,0,1764320729215,1.3万
64610a650000000017010d2b,1684081253000,,645e732d000000000703a51b,谢bro，被男巫抱着腰说话，然后亲了耳朵[害羞R],5d37c6850000000010011f6e,一个礼拜,https://sns-avatar-qc.xhscdn.com/avatar/61f9f57bd3dea80e9627d441.jpg?imageView2/2/w/120/format/jpg,502,,0,1764320729224,3.7万
646236010000000016035ce9,1684157953000,,645e732d000000000703a51b,想起来有个男生买了票在里面逛着逛着累了躺在公共沙发上休息，醒来发现周围围了一圈其他买票的客人，他们以为这个男生是隐藏剧情里的哈哈哈哈哈,631fee81000000002303848f,土豆泥,https://sns-avatar-qc.xhscdn.com/avatar/1040g2jo31o50qo45ku6g5oovtq0ov14f9hntmro?imageView2/2/w/120/format/jpg,42,,0,1764320729234,1.3万
64623a80000000001500feba,1684159104000,,645e732d000000000703a51b,我想问一下上床和洗澡哪里，是真的还是假的啊[笑哭R],60078c9e0000000001007a1a,Camellia,https://sns-avatar-qc.xhscdn.com/avatar/1000g2jo2kns7m3miu06g5o07hif08ugq4cfm1j8?imageView2/2/w/120/format/jpg,35,,0,1764320729242,3666
6462515700000000120274b5,1684164951000,,645e732d000000000703a51b,@朋克 大城市的玩法已经那么多了吗[哭惹R][哭惹R][哭惹R][哭惹R],5a8e9bce11be100e4034b967,Cheri zy,https://sns-avatar-qc.xhscdn.com/avatar/1040g2jo30rs6e3o12q004a1m4ddsteb717t3i78?imageView2/2/w/120/format/jpg,43,,0,1764320729250,1423
64673dcf000000000a004940,1684487631000,,645e732d000000000703a51b,omg又种草又担心黑暗的环境我会害怕焦虑 又很想体会这种沉浸式的戏剧！[哭惹R][哭惹R]不知道开放到什么时候呢,5f82e12d0000000001004351,ᅠᅠᅠ,https://sns-avatar-qc.xhscdn.com/avatar/1000g2jo2ikbikaqii06g5ns2s4mg8gqhispa008?imageView2/2/w/120/format/jpg,1,,0,1764320729258,0
648f159e0000000017004a91,1687098782000,,645e732d000000000703a51b,问问这个不眠之夜到底是什么呀[笑哭R],5d3da6af0000000010038be1,莱茵海_🌊,https://sns-avatar-qc.xhscdn.com/avatar/634a5b1003ee19f52306c4c9.jpg?imageView2/2/w/120/format/jpg,2,,0,1764320729265,0
646388a20000000017006757,1684244642000,,645e732d000000000703a51b,首先 舞会并不是故事的开始……,5573aab258944631bdfb3b0b,精神小妹,https://sns-avatar-qc.xhscdn.com/avatar/1040g2jo31g4mncckhc0040p43ulb4eob2c59k38?imageView2/2/w/120/format/jpg,2,,0,1764320729273,28
64624b500000000012026bfe,1684163408000,,645e732d000000000703a51b,这个有没有比较沉浸式的恐怖剧情啊，最好是神神鬼鬼仪式祭祀那种[哇R],5d1f5ab3000000001001fc55,SAUAL,https://sns-avatar-qc.xhscdn.com/avatar/5d1f5ab3000000001001fc55.jpg?imageView2/2/w/120/format/jpg,2,,0,1764320729281,8
646236b4000000000a0059e0,1684158132000,,645e732d000000000703a51b,裙子有链接吗！,56236711e00dd802c3c44f0b,向小彩,https://sns-avatar-qc.xhscdn.com/avatar/5ce0e407d756b600012e3492.jpg?imageView2/2/w/120/format/jpg,3,,0,1764320729290,8
68304f89000000001c03432f,1747996553000,,68303fb1000000000c039fdf,更正一下：是16岁以下禁止🚫入场，我记错了，让女儿干等了2年[笑哭R],5c8f17f10000000010034736,Coco生活艺述家,https://sns-avatar-qc.xhscdn.com/avatar/1040g2jo31mg0i4if68005n4f2vok6hpmnqkrmug?imageView2/2/w/120/format/jpg,304,,0,1764320733859,1.5万
68387b2c000000000900edd8,1748532013000,,68303fb1000000000c039fdf,在美国刷过一次，爆闪片段是全裸[石化R][石化R][石化R]上海刷过一次，穿了少许衣服[害羞R][害羞R][害羞R],5c4c6053000000001100de4b,黄浦星黛露,https://sns-avatar-qc.xhscdn.com/avatar/1040g2jo31euuphsf6q005n2cc19k9nibciptp40?imageView2/2/w/120/format/jpg,75,,0,1764320733866,3349
68369b760000000009016817,1748409206000,,68303fb1000000000c039fdf,有没有去过的告诉我 恐不恐怖。好想去但是小心脏接受不了恐怖剧情[皱眉R],5ed92b6b0000000001002022,小米,https://sns-avatar-qc.xhscdn.com/avatar/1040g2jo31gtbk81f42005nmp5dlg88126445vcg?imageView2/2/w/120/format/jpg,63,,0,1764320733872,1449
6836730f000000000d017cd5,1748398863000,,68303fb1000000000c039fdf,大概多少钱啊,63ad893800000000260136df,kt 大王,https://sns-avatar-qc.xhscdn.com/avatar/1040g2jo31lneudm4ku005otdh4s9idmvbdtdt28?imageView2/2/w/120/format/jpg,7,,0,1764320733880,7
68369b7e000000001c02f5a2,1748409214000,,68303fb1000000000c039fdf,看到前面以为只是什么戏剧，看到后面怎么感觉尺度有点大[doge],5e4b3436000000000100784e,芒种,https://sns-avatar-qc.xhscdn.com/avatar/1040g2jo31imtsi0d1a005nib6gr08u2em6in960?imageView2/2/w/120/format/jpg,2,,0,1764320733887,11
6830a3d3000000000b01f10a,1748018131000,,68303fb1000000000c039fdf,16岁不能1on1hhh,5b417aaf11be1015b7e57b30,空心菜熊猫,https://sns-avatar-qc.xhscdn.com/avatar/64c4cc415b76ccbe4fc0a60d.jpg?imageView2/2/w/120/format/jpg,3,,0,1764320733893,3
6830458a000000001c0289c4,1747993995000,,68303fb1000000000c039fdf,是16+来着,60ed64360000000001005e64,鹤冲冲冲天,https://sns-avatar-qc.xhscdn.com/avatar/1040g2jo31bls30k40u005o7dcgr08nj4hm5jp90?imageView2/2/w/120/format/jpg,7,,0,1764320733900,201
6836aded000000001c034737,1748413933000,,68303fb1000000000c039fdf,@MOMO,5cc8ff58000000001200162c,hyyyyy,https://sns-avatar-qc.xhscdn.com/avatar/602b4b5bd61b60bec02b4ce5.jpg?imageView2/2/w/120/format/jpg,3,,0,1764320733907,0
684c2ac0000000000c017b06,1749822144000,,68303fb1000000000c039fdf,哈哈哈，当时我才14岁就去看了，还特意画了妆，我妈妈她带我去看的，当时我被女巫带去小房间里互动，她直接把我面具摘了，说我看上去年纪有点小嘿嘿嘿[飞吻R],64ab9f0c000000001001fa06,系耳Begonia.,https://sns-avatar-qc.xhscdn.com/avatar/1040g2jo31icde18gga6g5p5bjs643ug62r9iae8?imageView2/2/w/120/format/jpg,2,,0,1764320733915,6
6836aee3000000000702b582,1748414179000,,68303fb1000000000c039fdf,@张一般 @廿年两茫茫 @史诗翠鸟,5b7b28b2932c410001c6a85c,蛋挞,https://sns-avatar-qc.xhscdn.com/avatar/1040g2jo31ascphn8n2004aharqkb5a2s3ov3rs8?imageView2/2/w/120/format/jpg,4,,0,1764320733923,2
67361681000000001b0035a0,1731597953000,,67147b1d0000000021004e66,感谢亲，入场前花半小时硬记这篇。除了白蛇支线没刷全，完全跟上了。还被女巫1v1了，有血床单，有牵手，有拥抱，有摸心跳，值了。再次感恩。完美穷刷贴,5a61976811be1016513cc5c6,strong,https://sns-avatar-qc.xhscdn.com/avatar/5a61982cb46c5d09cb82098b.jpg?imageView2/2/w/120/format/jpg,7,,0,1764320745221,199
687a8cc8000000000c017fc4,1752861896000,,67147b1d0000000021004e66,奶奶的，我以为光头演麦克白，结果我去这场光头演的麦克道夫，前半段跟了好久麦克道夫，把麦克白的剧情基本都错过了。[失望R],5c263b81000000000500095d,基里连科,https://sns-avatar-qc.xhscdn.com/avatar/6686762ec91bf9b208a56563.jpg?imageView2/2/w/120/format/jpg,3,,0,1764320745227,2
6736d6ab000000001a025530,1731647147000,,67147b1d0000000021004e66,想问问里面口渴的话怎么办,64e4b35300000000010123de,momu,https://sns-avatar-qc.xhscdn.com/avatar/1040g2jo31mt5pqg0l2505p74md9ga8uuagjcgoo?imageView2/2/w/120/format/jpg,2,,0,1764320745237,2
6720f852000000001702cb1d,1730213970000,,67147b1d0000000021004e66,冒昧问一下 本人很怕蛇（动画都不敢看）可以观看吗,6214bd920000000021022020,momo,https://sns-avatar-qc.xhscdn.com/avatar/1040g2jo31a05i7ggne005ogknm98c810e9b7ef8?imageView2/2/w/120/format/jpg,4,,0,1764320745244,4
6776457c000000000d03adb0,1735804284000,,67147b1d0000000021004e66,18：45和19：00的入场时间剧情差那些呀～,5e5f30b00000000001007dda,酱啊～,https://sns-avatar-qc.xhscdn.com/avatar/1040g2jo31b9pctc57g6g5niv62o08veqivr4vq8?imageView2/2/w/120/format/jpg,2,,0,1764320745254,2
673f48360000000007016066,1732200503000,,67147b1d0000000021004e66,护士会在许仙白蛇跳完舞走了以后先进竹林小屋，然后你在门口等一会会她俩会先出来一个，跟着先出来的那个走就可以触发蝴蝶梦彩蛋，她会带你上楼。后出来的护士会邀请你进小屋[微笑R],5e50b2350000000001006302,Adwan,https://sns-avatar-qc.xhscdn.com/avatar/1040g2jo31bo9mimmgu005nigm8qg8oo2elgs6ag?imageView2/2/w/120/format/jpg,2,,0,1764320745262,5
6742e8e3000000001b02487c,1732438244000,,67147b1d0000000021004e66,对啊我觉得应该是先看麦克白夫妇床戏，然后开始杀戮，还好19点进场的刚好被推出电梯从这一幕开始的。你这还漏了很多细节，等着二刷三刷解锁吧哈哈哈，有一个男巫在密室里下毒的场景贼有feel，还有红衣女唱歌的表演。,59f7665b11be101a964e9e25,AngelGabriel,https://sns-avatar-qc.xhscdn.com/avatar/1040g2jo31bmqsks5gk6g49v1g5j5n7h5p9mm7to?imageView2/2/w/120/format/jpg,3,,0,1764320745270,3
674dae09000000003d01dde9,1733144074000,,67147b1d0000000021004e66,请问下大概几点结束呀,54e5788de7798928958d2d57,Jayjun,https://sns-avatar-qc.xhscdn.com/avatar/5f8db4cb877fdd0001145f93.jpg?imageView2/2/w/120/format/jpg,2,,0,1764320745277,1
675385eb000000001a010761,1733527019000,,67147b1d0000000021004e66,两个人去能一起玩吗？[笑哭R],62be6f62000000001902b268,喵喵小蝠侠,https://sns-avatar-qc.xhscdn.com/avatar/1040g2jo31k4fafjq2a005oludth6dcj8hfmvpq0?imageView2/2/w/120/format/jpg,6,,0,1764320745285,3
67d27f4e000000001801535a,1741848398000,,67147b1d0000000021004e66,很早之前就被种草了不眠之夜，看到这篇文，临时起意决定今晚就去看！非常认真的把这篇攻略看了并做了笔记！买的是19:20进场的，想问一下小姐姐，20分进场推荐在攻略的基础上再跟一下哪条线，在线等！,58ecefed5e87e7647fa8a69f,Jasmine是个大吃货,https://sns-avatar-qc.xhscdn.com/avatar/5a46598dd2c8a54a219f6896.jpg?imageView2/2/w/120/format/jpg,2,,0,1764320745292,0
67138ac4000000002a02fc3f,1729333956000,,6635d2f8000000001e01bff6,被nv2了，和另一个小姐姐还有一个女巫关进了精神病院房间里，被穿上病服，任人摆布，然后三个人一起躲到床底下，女巫说让我们躲好，她会回来救我们，然后趴在床底下看他们演,55877ed167bc6575757a84dd,深深深🌸,https://sns-avatar-qc.xhscdn.com/avatar/55877ed167bc6575757a84dd.jpg?imageView2/2/w/120/format/jpg,5,,0,1764320749821,5
66d2d9c9000000001601031d,1725094346000,,6635d2f8000000001e01bff6,最后一个进电梯，站电梯门，会被单独推出到医院楼层,5f9e75b3000000000101f606,Lex,https://sns-avatar-qc.xhscdn.com/avatar/1040g2jo30ogr70cv26605nsuempgbtg68vdpf4o?imageView2/2/w/120/format/jpg,2,,0,1764320749829,3
666b1671000000001b011f88,1718294130000,,6635d2f8000000001e01bff6,我想问 有没有必要先去把 麦克白 看一遍[笑哭R],5572fc73e58d1374bf60796e,大禧,https://sns-avatar-qc.xhscdn.com/avatar/0dd6f7e91ce0bea602fbc47515b7c72f.jpg?imageView2/2/w/120/format/jpg,1,,0,1764320749836,1
668a881c000000000400839e,1720354845000,,6635d2f8000000001e01bff6,女管家是什么剧情，今天好像跟她很久了,5e8ea4fb0000000001005c8b,白日梦想家,https://sns-avatar-qc.xhscdn.com/avatar/1000g2jo2olbtkdgjs0605nkekjtg8n4b2m32ce8?imageView2/2/w/120/format/jpg,15,,0,1764320749844,11
68ae7ca1000000000b0173ac,1756265633000,,6635d2f8000000001e01bff6,想问一下 第一次玩 应该跟着男巫还是主角,5ac8aca24eacab653a07d288,J.Y,https://sns-avatar-qc.xhscdn.com/avatar/1040g2jo3185pgu3ok6004a4blama5kk8i157efg?imageView2/2/w/120/format/jpg,2,,0,1764320749851,0
669094f7000000001700163d,1720751352000,,6635d2f8000000001e01bff6,下次一定要跟男巫 那个小哥身材真好 穿的也真少,609edfb1000000000100809e,Lemmini,https://sns-avatar-qc.xhscdn.com/avatar/1040g2jo31ngv87cmlm005o4uruog904urngb5fg?imageView2/2/w/120/format/jpg,6,,0,1764320749858,14
67891eb30000000022005269,1737039539000,,6635d2f8000000001e01bff6,我想问精神病院那里护士和医生是什么剧情呀？就是一开始护士先装死 然后等医生摆弄了半天突然活过来像杀医生,5d2fec980000000011013b61,Caaaa.、,https://sns-avatar-qc.xhscdn.com/avatar/1040g2jo30mqtr7k1kk005n9ftic4aer1783vld0?imageView2/2/w/120/format/jpg,1,,0,1764320749868,4
66a527b2000000001c039cde,1722099634000,,6635d2f8000000001e01bff6,有一个帅哥在一楼荒郊野外里独舞，四处乌鸦出没，仿佛中毒。那是谁？,5d88c823000000000100934c,曾阿牛,https://sns-avatar-qc.xhscdn.com/avatar/1040g2jo316n2rq5nio005nc8p0hg94qc1rc4qmg?imageView2/2/w/120/format/jpg,9,,0,1764320749875,6
67471008000000001a01a60a,1732710408000,,6635d2f8000000001e01bff6,玩的时候懵懵的 看完全理开了,578d9e8d82ec3939306c5f50,柔,https://sns-avatar-qc.xhscdn.com/avatar/1040g2jo30p7hlf6b3s0048i57jf8qnqg9qrahmg?imageView2/2/w/120/format/jpg,1,,0,1764320749883,0
66780abd000000000d00e301,1719143101000,,6635d2f8000000001e01bff6,男巫涩死了色的要死,605c4f550000000001008de0,队友呢队友呢救一下啊,https://sns-avatar-qc.xhscdn.com/avatar/1040g2jo31ma537edmg605o2s9tag93f0v464bt0?imageView2/2/w/120/format/jpg,3,,0,1764320749892,37
65f905aa000000000b0208ff,1710818731000,,65f903fa000000001203d9d5,字数限制，细节都在图片，图片有十几张[笑哭R],60d2d97b000000000101f7d6,小红薯60D3D0D2,https://sns-avatar-qc.xhscdn.com/avatar/1040g2jo31gqadhe9jq605o6ir5tgbtumlmlq98g?imageView2/2/w/120/format/jpg,0,,0,1764320754648,8
6763c143000000000f031942,1734590787000,,65f903fa000000001203d9d5,就好奇一下如果跑累了 可不可以回1楼休息😂,5e51f32b0000000001001267,每天再機靈億點,https://sns-avatar-qc.xhscdn.com/avatar/1040g2jo31h8up7e642005nihuclg84j77t17c58?imageView2/2/w/120/format/jpg,1,,0,1764320754655,0
675b10bf000000001102c4d3,1734021311000,,65f903fa000000001203d9d5,舞蹈很好,54e5ddd8b4c4d63b16ac2b22,衷府妙人,https://sns-avatar-qc.xhscdn.com/avatar/1040g2jo311d9n6i3mi00401fb5etgap20245hho?imageView2/2/w/120/format/jpg,0,,0,1764320754666,0
67323b7f000000001a032a19,1731345280000,,65f903fa000000001203d9d5,@Vicy薇西,5c04f42f000000000700d9f6,Fjdvjugg,https://sns-avatar-qc.xhscdn.com/avatar/65872af93f9db8c08ed19977.jpg?imageView2/2/w/120/format/jpg,0,,0,1764320754674,0
6730da2c000000001a0331b7,1731254829000,,65f903fa000000001203d9d5,@jesus,54fda0a9d39ea23ef2342cfb,胡蕉何,https://sns-avatar-qc.xhscdn.com/avatar/1040g2jo31mjlc05fks00403s9jgaib7r6vb8nb8?imageView2/2/w/120/format/jpg,0,,0,1764320754681,0
672d7929000000001702d462,1731033385000,,65f903fa000000001203d9d5,你剧透了，我也没看懂[doge][doge]跑累了[doge],55742b7b0bf90c1a136e9be4,别放糖,https://sns-avatar-qc.xhscdn.com/avatar/1040g2jo30q9h680hno0g40p9c1lnn6v42qbhdko?imageView2/2/w/120/format/jpg,2,,0,1764320754691,0
6724d83500000000190039c0,1730467893000,,65f903fa000000001203d9d5,博主，你3月份去穿多厚的 衣服，听说里面很热，是不是可以穿漂亮裙子,648025ea0000000012035e68,小红薯6480DBA6,https://sns-avatar-qc.xhscdn.com/avatar/2b4cefbb01e0a0824f5c173dde7f98b2.jpg?imageView2/2/w/120/format/jpg,1,,0,1764320754699,0
6716f00c0000000027021efe,1729556493000,,65f903fa000000001203d9d5,@😶,6299bf8f000000002102a797,Yuu🐟,https://sns-avatar-qc.xhscdn.com/avatar/1040g2jo3169koq2a1e005okpnu7od9sn4m9mj90?imageView2/2/w/120/format/jpg,0,,0,1764320754708,2
670a087f000000000c014a0c,1728710783000,,65f903fa000000001203d9d5,我特意疑惑有个一个角色把我拉到房间里让我躺到一张床上然后给我检查眼睛 又跳了一段类似手断的舞蹈. 到底是什么角色呀！！,5a19705c11be106090fb13d3,Vvanadium__,https://sns-avatar-qc.xhscdn.com/avatar/5eee85e2b8af6200018f77af.jpg?imageView2/2/w/120/format/jpg,3,,0,1764320754716,2
6708b7dd0000000020020b75,1728624606000,,65f903fa000000001203d9d5,@小熊羊子,6186ec2d00000000100049c7,momo,https://sns-avatar-qc.xhscdn.com/avatar/1040g2jo318bqk7tk466g5oc6tgmk0ie7k875ukg?imageView2/2/w/120/format/jpg,0,,0,1764320754724,0
64552129000000001801f431,1683300649000,,64551dc8000000001300028e,不知道这是不是她的营业活动？不是的话所以某位男性连她去看话剧都没跟么……这么怕被打感觉有点好笑hhhh,6140d9fb000000000201be0e,想中头等彩票,https://sns-avatar-qc.xhscdn.com/avatar/669bf99ab4c088e98d814b97.jpg?imageView2/2/w/120/format/jpg,16,,0,1764320759260,133
645520e30000000018038cd7,1683300579000,,64551dc8000000001300028e,湖南新增红眼病一例,64099d02000000001400c469,桃思来（被做局版,https://sns-avatar-qc.xhscdn.com/avatar/1040g2jo30qjeq915gc6g5p09jk151h395c4j980?imageView2/2/w/120/format/jpg,10,,0,1764320759267,600
6455330200000000150232cd,1683305218000,,64551dc8000000001300028e,你們合適嗎？看到卡琳娜就去合照就去貼貼?這是什麼行為啊，很越界好嗎，真的很生氣啊啊啊啊啊為什麼我到現在還沒貼過為什麼你們就可以啊啊啊啊啊啊啊啊啊啊,5e1aa1e10000000001003fe1,AM,https://sns-avatar-qc.xhscdn.com/avatar/5eb436cdf4847100018d9bb7.jpg?imageView2/2/w/120/format/jpg,1,,0,1764320759275,2
6455202d000000001803b381,1683300397000,,64551dc8000000001300028e,嫉妒就像呼吸一样简单[哭惹R],62db9e36000000001501c9c6,下辈子转生投胎变成修沟,https://sns-avatar-qc.xhscdn.com/avatar/1040g2jo30s6frt84325g5omrjor5bie6evdotc8?imageView2/2/w/120/format/jpg,1,,0,1764320759284,1
64551f77000000000a000f31,1683300215000,,64551dc8000000001300028e,我脖子上戴着佛珠左手拿十字架右手拿符纸请了六十个老和尚在我旁边打坐念经才敢点开看 定睛一看我直接鼻血横流拼命扇自己耳光越扇越用力 我的眼泪还是不争气的从嘴角流下 不知道该怎么办我快要疯了,635f7295000000001802152c,小红薯661A5C21,https://sns-avatar-qc.xhscdn.com/avatar/645b65431e7abf18da7d1266.jpg?imageView2/2/w/120/format/jpg,2,,0,1764320759290,162
645678d7000000001700aa60,1683388631000,,64551dc8000000001300028e,天啊 你好漂亮！！！！第一张图真的太绝了 太漂亮的两张脸 我的心灵得到了净化[合十R],639749c7000000002601245d,我想,https://sns-avatar-qc.xhscdn.com/avatar/1040g2jo312ocrqkp2k6g5osn973pi92tml71r8o?imageView2/2/w/120/format/jpg,2,,0,1764320759299,6
645520df00000000160370d5,1683300575000,,64551dc8000000001300028e,啊啊啊啊啊啊啊啊啊啊啊啊啊啊啊！季度季度季度季度季度季度季度季度季度[生气R][生气R][生气R][生气R][生气R][生气R],60192f0b000000000101cf9c,北陆,https://sns-avatar-qc.xhscdn.com/avatar/1040g2jo318he64rrgo6g5o0p5s5gbjss9e320d8?imageView2/2/w/120/format/jpg,1,,0,1764320759307,0
64559bb3000000001803b57a,1683332019000,,64551dc8000000001300028e,我天呢[哭惹R]季度你[哭惹R],5f7855c80000000001000fd4,Tangent君安,https://sns-avatar-qc.xhscdn.com/avatar/1040g2jo31mm9mq5v5i5g5nroan4083ukmthl5a0?imageView2/2/w/120/format/jpg,1,,0,1764320759316,0
6455271100000000070097b6,1683302161000,,64551dc8000000001300028e,我30号去的 去早了啊,59d843526eea8816ce53fdc7,momo,https://sns-avatar-qc.xhscdn.com/avatar/63d4c61d95912a665027a2b2.jpg?imageView2/2/w/120/format/jpg,3,,0,1764320759322,2
64551f4f000000000b030c3d,1683300175000,,64551dc8000000001300028e,嫉妒就像呼吸一样简单[生气R],61c9f0230000000010009101,Irean💦,https://sns-avatar-qc.xhscdn.com/avatar/1040g2jo313mq9rtt1i6g5oe9u0hk14811n857a0?imageView2/2/w/120/format/jpg,2,,0,1764320759330,71
609c97ce00000000010259a1,1620875214000,,607af4f6000000002103efe3,昨天重温Gossip Girl刚好看到他们参加sleep no more那段，今天就看到这个推送了[哭惹R]  感觉现场会很震撼,5be04ad4c05f190001379bcc,呜呜呜,https://sns-avatar-qc.xhscdn.com/avatar/1040g2jo30s2giltk2i004bo83k5d96uc7ev1bio?imageView2/2/w/120/format/jpg,2,,0,1764320763791,2
60814235000000000102c26c,1619083829000,,607af4f6000000002103efe3,我被男巫枕大腿了[害羞R][害羞R]奇妙的经历,5e6090f0000000000100838b,大狗橙橙,https://sns-avatar-qc.xhscdn.com/avatar/63465053b2a07d51547a5f54.jpg?imageView2/2/w/120/format/jpg,3,,0,1764320763798,54
635f3d79000000001801631b,1667186041000,,607af4f6000000002103efe3,哇！求姐妹项链品牌或者链接，好好看,58fda7305e87e74729690564,桃子酥酥,https://sns-avatar-qc.xhscdn.com/avatar/1040g2jo31d4k54omgu0049e7vljj01b4u8l1fcg?imageView2/2/w/120/format/jpg,2,,0,1764320763806,0
631b4ae30000000014034420,1662733027000,,607af4f6000000002103efe3,下午场前后差20分钟，有什么区别?,5798383c5e87e7623f34e5d6,Strong宝宝,https://sns-avatar-qc.xhscdn.com/avatar/1040g2jo31jobkr2mia6g48ioles3ppem6t79nv8?imageView2/2/w/120/format/jpg,1,,0,1764320763813,0
608a2f5b000000000102677b,1619668827000,,607af4f6000000002103efe3,我被喂了药！！还牵着手在小房间里大笑转圈圈！！狂转！转得我脑子发晕又兴奋,55c5eb8f58944646664593b0,胖灿,https://sns-avatar-qc.xhscdn.com/avatar/1040g2jo317rni77o4a00411sthlov4tgmmjb2i0?imageView2/2/w/120/format/jpg,2,,0,1764320763821,1
60810b2c0000000021039642,1619069740000,,607af4f6000000002103efe3,三年前去过，喝了酒晕乎乎的到处乱转。,5af70bec6b58b76386d4e61b,Mochy爱夏天（新课,https://sns-avatar-qc.xhscdn.com/avatar/635e1251959d5db7563fe72c.jpg?imageView2/2/w/120/format/jpg,1,,0,1764320763829,36
607e36310000000021000766,1618884145000,,607af4f6000000002103efe3,听说有恐怖的部分，真的吗，吓人吗[哭惹R],57e8606ca9b2ed54ab97877a,🌻痣凌姐姐,https://sns-avatar-qc.xhscdn.com/avatar/630a98070fb826621d761ff3.jpg?imageView2/2/w/120/format/jpg,3,,0,1764320763839,0
621fa4910000000001027145,1646240913000,,607af4f6000000002103efe3,我就想问小姐姐 不做攻略去看的懂吗？因为我看网上很多人说三小时跑完出来很困惑没看明白咋回事。另外情侣去是不是会被分开呀？,5ac70031e8ac2b1aec1173e1,Yuhermosa,https://sns-avatar-qc.xhscdn.com/avatar/62ea2d94ed76d0f6275f69b2.jpg?imageView2/2/w/120/format/jpg,1,,0,1764320763847,2
6088bb4e000000002003dba5,1619573582000,,607af4f6000000002103efe3,10岁小孩可以看吗？,59c06a23db2e607dd1cfc2e7,沫啊马,https://sns-avatar-qc.xhscdn.com/avatar/1040g2jo31fd4t4bh5s0049qef1l27gn79sugpsg?imageView2/2/w/120/format/jpg,2,,0,1764320763853,0
6083f33b000000002103dd7a,1619260219000,,607af4f6000000002103efe3,真心不好看！[石化R]搞了4个小时，楼上楼下疯跑。表演也就那个样。,5821d7c45e87e75c82727f96,用户已注销,https://sns-avatar-qc.xhscdn.com/avatar/166ad12ae9a7f6fbb4bbbf88d417895f.jpg?imageView2/2/w/120/format/jpg,0,,0,1764320763861,16
6541fd51000000002003a9b8,1698823505000,,65410f15000000002202d0e8,你们能懂第一批进去 一个人被扔在竹林的感觉嘛 平时我连恐怖本都不敢玩的人,54824d8f2e1d9320b21eb6c8,Rita.Ko,https://sns-avatar-qc.xhscdn.com/avatar/1040g2jo31ns7ettnmg00400q406ovdm8k903818?imageView2/2/w/120/format/jpg,26,,0,1764320768480,87
65716c30000000000703b744,1701932080000,,65410f15000000002202d0e8,6F解锁很简单，在5楼跟着白衣服护士就行，特别是靠在楼梯口东张西望的护士就行，我一刷进6楼,5dd4ca280000000001009e6d,Braimbo,https://sns-avatar-qc.xhscdn.com/avatar/1040g2jo30ofesnbdi8605nekp8k097jdd02h8t8?imageView2/2/w/120/format/jpg,5,,0,1764320768488,37
6541c175000000002000ed86,1698808181000,,65410f15000000002202d0e8,楼层图和克白夫人剧情不完全正确，但二刷就能把攻略做成这样真的很厉害[赞R],63b83cef000000002501d5a0,一只小zZ,https://sns-avatar-qc.xhscdn.com/avatar/1040g2jo31oi2dqg86m0g5oto7jnpbld0bgs9p90?imageView2/2/w/120/format/jpg,7,,0,1764320768495,15
65541ed90000000021009d54,1700011737000,,65410f15000000002202d0e8,二刷被女仆姐姐关小黑屋1on1，可别吓鼠我[笑哭R],56a5cb6982ec391e1f582e30,阿杯,https://sns-avatar-qc.xhscdn.com/avatar/1040g2jo31p3fq0c9ig0045c1fe5mibhgk3qnrng?imageView2/2/w/120/format/jpg,1,,0,1764320768503,1
65443377000000002003fcac,1698968439000,,65410f15000000002202d0e8,請問一下害怕玩鬼屋的能去嗎？,5ade86e411be1053fc7ab445,咪娜醬,https://sns-avatar-qc.xhscdn.com/avatar/645e83bb11c514ac42439b12.jpg?imageView2/2/w/120/format/jpg,4,,0,1764320768510,0
65539659000000001d00f839,1699976793000,,65410f15000000002202d0e8,请问全场有台词吗 都是英文吗,552e33c49c5a6e4359d3b02f,flying baby,https://sns-avatar-qc.xhscdn.com/avatar/1040g2jo317ok9efpgo0040fi5gps9c1frei05so?imageView2/2/w/120/format/jpg,3,,0,1764320768519,0
66d3e59700000000150387f2,1725162904000,,65410f15000000002202d0e8,出口有人带着出来[哭惹R]是吗[哭惹R],64c4e371000000000e027cea,小鱼亚盆,https://sns-avatar-qc.xhscdn.com/avatar/1040g2jo31pb7m1qgis005p64sdojkv7a4bg48n8?imageView2/2/w/120/format/jpg,1,,0,1764320768526,0
6655708e000000000e033aeb,1716875407000,,65410f15000000002202d0e8,想问下，14:00和14:20的场次有什么区别呀[哭惹R],57d7c73e82ec391b48b8d25f,好运有Mia✨,https://sns-avatar-qc.xhscdn.com/avatar/1000g2jo2ou5j3ikk800048mjl43jtkiv710hvp0?imageView2/2/w/120/format/jpg,1,,0,1764320768533,0
67d443ff000000001703aac4,1741964288000,,65410f15000000002202d0e8,终于有一个和我一样的了，直接被NPC让到了坟墓，还好那会儿有麦克白夫人在那里表演，围一堆人，不然吓死,6454968500000000290133d1,拿菲特没有办法,https://sns-avatar-qc.xhscdn.com/avatar/1040g2jo30nbodabjmc605p2kiq2qacuh1fqi9mg?imageView2/2/w/120/format/jpg,1,,0,1764320768542,0
654374cc000000000403b085,1698919628000,,65410f15000000002202d0e8,绿色行李箱是都能看到吗,57d2afebbd0da522d64a23e7,今天的天气好吗,https://sns-avatar-qc.xhscdn.com/avatar/1040g2jo31mugr40d6ge048md3knum8v70833r90?imageView2/2/w/120/format/jpg,1,,0,1764320768549,0
6512b3b5000000001b030a16,1695724469000,,65119fca000000001e00d835,男巫挑到我1v1 他在房间里洗澡 眼睛往外看 大家都以为他在看什么 只有我和他对视 他出来就把衬衫给了我 让我帮他穿上 然后拉着我的手从4楼奔到一楼 找了个墙壁咚我 还和我说谢谢,5c7366d2000000001203928a,吃了个豆,https://sns-avatar-qc.xhscdn.com/avatar/617ce03e7b3722f9abcde179.jpg?imageView2/2/w/120/format/jpg,64,,0,1764320773066,622
65129aa0000000001a022b45,1695718048000,,65119fca000000001e00d835,这个画面我很喜欢看了很多遍，那个血是好时巧克力酱哈哈哈哈哈哈哈,55d8a9c3e4b1cf4ea83a6443,小西不偷吃,https://sns-avatar-qc.xhscdn.com/avatar/67099ad371cc427c9a3a0796.jpg?imageView2/2/w/120/format/jpg,10,,0,1764320773074,178
6523b483000000002202b641,1696838787000,,65119fca000000001e00d835,我知道！红裙女是赫卡忒，她会和夜晚、鬼魂、地狱、魔力、巫术和妖术联系在一起。她是著名的不可抗拒的死神、无法战胜或无人能及的女皇，地狱的创建者或管理者，也是妖术、魔女、魔咒和女巫女神，也是极少的未婚女神，经常出没与伊乐园，我曾经单场被她四次1v1过！有机会跟她的线的话请穿的妖艳妩媚且诡异一点，我那天穿的血染礼裙带了血滴项链，她会更亲近女孩子，几次都是和女孩子互动,5aeeadcde8ac2b464505970e,-Eden,https://sns-avatar-qc.xhscdn.com/avatar/1040g2jo31n3v87di5m004a53fvmsr5oe27h0qe0?imageView2/2/w/120/format/jpg,4,,0,1764320773083,96
6520e5550000000020008d6e,1696654677000,,65119fca000000001e00d835,家人们，这个不是密室也不是剧本杀哦，比那些更有意思，艺术感更强更精致更震撼！（除了有点贵没毛病[笑哭R]）。玩家没剧本，玩家是“幽灵透明人”～ 看着舞台剧里的人物发生各种故事。（追着跑着看）,5dd9dab10000000001002b8e,Charlotte_米波,https://sns-avatar-qc.xhscdn.com/avatar/5dd9db00ea736c0001a5060d.jpg?imageView2/2/w/120/format/jpg,5,,0,1764320773091,56
6519ce150000000021004a13,1696189973000,,65119fca000000001e00d835,请问献祭是在哪呀！上次没看到[哭惹R],5e312b380000000001002bc3,momo,https://sns-avatar-qc.xhscdn.com/avatar/1040g2jo31p120ou5is005nhh5cs08au3dh5b3bo?imageView2/2/w/120/format/jpg,4,,0,1764320773103,2
689b50ff0000000030019e20,1755009279000,,65119fca000000001e00d835,这个问题对我很重要[扯脸H]5楼医院还是4楼墓地比较恐怖,62ee2cd2000000001e01e2ea,bobo milktea,https://sns-avatar-qc.xhscdn.com/avatar/63cf50d332cdfdf0dd426264.jpg?imageView2/2/w/120/format/jpg,2,,0,1764320773110,0
652957ac00000000190089e8,1697208236000,,65119fca000000001e00d835,第一个问题问的是麦克白夫人对邓肯吗？,598c5f446a6a6958c2c023db,Lilith🕊,https://sns-avatar-qc.xhscdn.com/avatar/1040g2jo31oulqghqh00049noqmfk88ure9fo9b8?imageView2/2/w/120/format/jpg,3,,0,1764320773116,4
664b2b810000000010029a3f,1716202370000,,65119fca000000001e00d835,麦克白为什么要杀孕妇,5b2293e711be1075ff830462,梦童童,https://sns-avatar-qc.xhscdn.com/avatar/63b459d05efe81da95d5d98c.jpg?imageView2/2/w/120/format/jpg,2,,0,1764320773125,0
651964d7000000002101d050,1696163031000,,65119fca000000001e00d835,是巧克力酱哈哈哈，跟着麦克白就是一路巧克力香[偷笑R][偷笑R],5e1823fd00000000010060d7,拜拜就是不乖,https://sns-avatar-qc.xhscdn.com/avatar/615ef8990b09092bf49f50ea.jpg?imageView2/2/w/120/format/jpg,1,,0,1764320773132,7
652605710000000019008bbf,1696990577000,,65119fca000000001e00d835,@有肉代 @银河小鱼干儿🐟,60026c3700000000010050ed,我男朋友敢吃粑粑,https://sns-avatar-qc.xhscdn.com/avatar/1040g2jo31fl2rlgf7k6g5o02dgrg8k7dr76vdl0?imageView2/2/w/120/format/jpg,3,,0,1764320773139,0
6603e51d000000001902ce3d,1711531294000,,6603e49b00000000120367e0,妈耶！这博主能处，主页好玩也太多了吧！,5afa5d6ef7e8b940b415c83f,Allen Yuan,https://sns-avatar-qc.xhscdn.com/avatar/62d0ce79de9059a4d14bc6d5.jpg?imageView2/2/w/120/format/jpg,0,http://sns-webpic-qc.xhscdn.com/202511281706/d0654d7b513bf51256e5baef587d0b8b/comment/1040g2h0310rfuqcumm004a5bbnemti1v76o1du8!nd_whgt34_webp_wm_1,0,1764320777685,4
660e5eed0000000015003891,1712217837000,,6603e49b00000000120367e0,所以迟到20分钟也没事吗？[捂脸R],552b4b80e77989617e0d000f,半夏,https://sns-avatar-qc.xhscdn.com/avatar/529594cd91bbf4c43608131bf9134bdc.jpg?imageView2/2/w/120/format/jpg,1,,0,1764320777692,0
68cfbe41000000000b015788,1758445121000,,6603e49b00000000120367e0,所以价格差异内容有差吗？,5a3b3447e8ac2b327b5c49fc,RichardKim015,https://sns-avatar-qc.xhscdn.com/avatar/1040g2jo31861var24c7g4a0d8gq4eifsicrd9j0?imageView2/2/w/120/format/jpg,4,,0,1764320777701,1
66eeb2050000000020023669,1726919173000,,6603e49b00000000120367e0,一个人可以去嘛,5f1b8b46000000000101d5b5,安安,https://sns-avatar-qc.xhscdn.com/avatar/1040g2jo31lv7g018527g5norhd30bldlf2an538?imageView2/2/w/120/format/jpg,8,,0,1764320777708,1
66e10106000000000c016d25,1726021894000,,6603e49b00000000120367e0,怎么买票呀请问,53d76197b4c4d67596c74334,佳西卡_,https://sns-avatar-qc.xhscdn.com/avatar/1040g2jo31ha0vsnl3o0040047sgpegpkbopclj0?imageView2/2/w/120/format/jpg,1,,0,1764320777716,1
6603f477000000001503a421,1711535223000,,6603e49b00000000120367e0,Mark了[斜眼R][斜眼R][斜眼R]一直想去看来着！,5920ce8fa9b2ed29efbd7818,Lucky是个馋老呸,https://sns-avatar-qc.xhscdn.com/avatar/5e21504e9d94e40001453233.jpg?imageView2/2/w/120/format/jpg,1,,0,1764320777724,0
6603fe8400000000050017b9,1711537796000,,6603e49b00000000120367e0,一直想去 奈何英文不大好,601d07ce000000000100420a,Lazy蛋🐣,https://sns-avatar-qc.xhscdn.com/avatar/60c8b374f6b0cf906ab47caa.jpg?imageView2/2/w/120/format/jpg,2,,0,1764320777731,1
6603f5bb000000001503a6f8,1711535547000,,6603e49b00000000120367e0,我去看了，但写不出来[笑哭R],5cbf9a1f0000000016038b35,Zoe是个艺术飒,https://sns-avatar-qc.xhscdn.com/avatar/1040g2jo31o9pmiki6g5g5n5vj8fln2plcr8tlmo?imageView2/2/w/120/format/jpg,5,,0,1764320777738,0
66f7704700000000020068e6,1727492168000,,6603e49b00000000120367e0,@追光而遇,5f8d94860000000001007a54,有钱妈咪咪,https://sns-avatar-qc.xhscdn.com/avatar/1040g2jo30r77p09g1k605nsdii308uiksoqh86g?imageView2/2/w/120/format/jpg,6,,0,1764320777745,1
67c6da91000000001802f9e1,1741085329000,,6603e49b00000000120367e0,情侣去的话，可以一起体验嘛,5f21114d000000000100009d,zzzzzrl,https://sns-avatar-qc.xhscdn.com/avatar/529594cd91bbf4c43608131bf9134bdc.jpg?imageView2/2/w/120/format/jpg,1,,0,1764320777752,0
658424a0000000000601f13e,1703158944000,,6584246a000000003a00ddd6,"给还没体验过不眠之夜的uu——

可以理解为，把你全息投影到了希区柯克电影里去。
你可以在5层楼的空间里，任意走动，
叙事是多线进行的，所以剧情会随机出现在某处。

补充说明下什么叫1v1，（我去之前都不知道有这个环节）：
《不眠之夜》作为一个沉浸式戏剧，
你不光可以近距离观看演员的演出，
甚至可以和演员产生真正意义上的肢体互动。
这个肢体互动是以一对一的形式出现的，
演员在观众堆里，随机带走一个人，
关到小房间里，
演出一段只有你一个人能看到的剧情，
Which means你也成为了这场戏的一部分。
（社恐也不用怕，因为没有别的观众看到你。
该害怕是幽闭焦虑症，看剧前把厕所上干净了）",62e0ac61000000001e01d632,changelababy辣堡,https://sns-avatar-qc.xhscdn.com/avatar/64707ec663774f70a048106c.jpg?imageView2/2/w/120/format/jpg,4,,0,1764320782373,81
6584433c0000000018024d5e,1703166780000,,6584246a000000003a00ddd6,第一次看 都是外国籍演员 没被拉 第二次去的时候 中国籍双开门男演员把我拉进了小黑屋 摘了我面具 端着我的脸看了很久 然后拉过我的大手 给我表演了一个小魔术[色色R]最后谢幕的时候 他又从人群中找到了我 拉着我的手 把我送到酒吧～[萌萌哒R],5922b2185e87e776265507a2,CeliaSunshine,https://sns-avatar-qc.xhscdn.com/avatar/1040g2jo30ome2npnj80049h2dap1g1t2sph9lho?imageView2/2/w/120/format/jpg,12,,0,1764320782382,114
6584377e0000000011012c86,1703163774000,,6584246a000000003a00ddd6,哇和男朋友一起去 一进去就被国王拉走了 太值了！！！！[惊恐R],5a72bde74eacab7276349be6,不偷,https://sns-avatar-qc.xhscdn.com/avatar/620731bd8eaa01130c0ad240.jpg?imageView2/2/w/120/format/jpg,1,,0,1764320782388,1
658432bb000000001702c8d6,1703162555000,,6584246a000000003a00ddd6,我的老天，第一次去的时候，被一个外国男演员捉进小黑屋，拉着我在狂风暴雨中摇摆，最后从小门把我扔了出去别把我吓死[哭惹R],5fa53051000000000100bfea,参见猫猫大王,https://sns-avatar-qc.xhscdn.com/avatar/614ff8e2ad53f756f1ed4a74.jpg?imageView2/2/w/120/format/jpg,3,,0,1764320782395,26
6585087d0000000011006477,1703217277000,,6584246a000000003a00ddd6,白袜小女孩出场几秒就牵动了本人的心😻🫰🏻,5bcbff2238315b0001151b39,菜猫驿站,https://sns-avatar-qc.xhscdn.com/avatar/1040g2jo3163qoc581e004bhuf6vi46ppfbo2m58?imageView2/2/w/120/format/jpg,1,,0,1764320782402,7
65842cca000000001100c463,1703161034000,,6584246a000000003a00ddd6,我真的馋不眠之夜很久了 奈何我是个琼b。,5d257ba1000000001001f818,北十字星辰,https://sns-avatar-qc.xhscdn.com/avatar/6437de5fb81a2b454d596927.jpg?imageView2/2/w/120/format/jpg,3,,0,1764320782409,5
6585943a0000000017028649,1703253050000,,6584246a000000003a00ddd6,咪咪扒拉姐拉链的时候好像说妈妈你别拍你那个破视频了看看我[doge],5bffa39d44363b5168c47aa6,口口,https://sns-avatar-qc.xhscdn.com/avatar/1040g2jo31ckmkeqm0s604bulr9hpqul6trss57g?imageView2/2/w/120/format/jpg,1,,0,1764320782415,0
6584261d000000000601dc9d,1703159325000,,6584246a000000003a00ddd6,我也想和辣堡贴贴[哇R][哇R],5f06eb05000000000101c8a5,溜溜不是球,https://sns-avatar-qc.xhscdn.com/avatar/1040g2jo31ocnv9h0g6605no6tc2gbi55av1b9fo?imageView2/2/w/120/format/jpg,1,,0,1764320782422,0
65845875000000001a032bb9,1703172213000,,6584246a000000003a00ddd6,贴,5b33c1ee4eacab6388433684,AqinAqin,https://sns-avatar-qc.xhscdn.com/avatar/1040g2jo31llhhani58004a6kqr0usdk4hqphin8?imageView2/2/w/120/format/jpg,1,,0,1764320782430,0
65842abf000000001100d0a9,1703160511000,,6584246a000000003a00ddd6,我也亲下,6010a0bd0000000001005a82,无敌拉米亚,https://sns-avatar-qc.xhscdn.com/avatar/1040g2jo30p9c24eak00g5o0gk2ug8mk2m4069vg?imageView2/2/w/120/format/jpg,1,,0,1764320782436,0
6778ed9f00000000110338e7,1735978399000,,6777bac6000000001300ea92,虽然《不眠之夜》封箱了，但是2025引进了许多原版音乐剧还是很值得期待的，相关内容可以到最新一篇查看,66fe813e000000001d033868,帝都戏剧情报站,https://sns-avatar-qc.xhscdn.com/avatar/1040g2jo31c3oaarugs6g5pnug4v7ee38sc7hn00?imageView2/2/w/120/format/jpg,5,,0,1764320786996,74
6779066c00000000110199b6,1735984749000,,6777bac6000000001300ea92,纽约和上海的都看过一次，ny的尺度大一些，但是上海我给洗澡的演员穿衣服了[暗中观察R],6367375b000000001f01d33f,老婆说别忘了,https://sns-avatar-qc.xhscdn.com/avatar/1000g2jo2kdi01gqja06g5or76tdnrkpvagefja0?imageView2/2/w/120/format/jpg,15,,0,1764320787005,12
6778d63b000000001200ca13,1735972412000,,6777bac6000000001300ea92,是不是换成双城之战了,5482c24ad6e4a96b16131890,脚脚酱,https://sns-avatar-qc.xhscdn.com/avatar/1040g2jo30rt6fkqi2m00400q9h14k64gsp5k7k8?imageView2/2/w/120/format/jpg,12,,0,1764320787013,11
6777d20d000000001003de82,1735905805000,,6777bac6000000001300ea92,只是调整运营模式，后面肯定还会演的，完全用不着慌,5f7c54fe00000000010068ab,Serenity,https://sns-avatar-qc.xhscdn.com/avatar/1040g2jo31619oatags005nrsajv08q5bpca9tfg?imageView2/2/w/120/format/jpg,37,,0,1764320787020,264
6778ca82000000001102f175,1735969410000,,6777bac6000000001300ea92,我还没看过...值得我找个周末飞过去看下吗[捂脸R],5cb457bf00000000100332f6,棒打鲜橙,https://sns-avatar-qc.xhscdn.com/avatar/1040g2jo31jjk7grr32005n5kauvk6cnmameor40?imageView2/2/w/120/format/jpg,51,,0,1764320787027,18
67863e300000000022004529,1736850993000,,6777bac6000000001300ea92,3月封箱，那是不是2月也还有呀？我看小程序2月暂时还不能购票,5d21c579000000001102d24d,咩咩捏捏略略略,https://sns-avatar-qc.xhscdn.com/avatar/618d04be270fd682deec2d9f.jpg?imageView2/2/w/120/format/jpg,2,,0,1764320787034,0
6778f68d00000000110193ce,1735980685000,,6777bac6000000001300ea92,我是很久之前看的 其他的忘记了 就记得看了好几次洗澡,5f8010b8000000000101c79b,马枝枝🥕,https://sns-avatar-qc.xhscdn.com/avatar/614b45cd2726e56f3b59566a.jpg?imageView2/2/w/120/format/jpg,3,,0,1764320787042,11
677f47ea000000001b03c290,1736394730000,,6777bac6000000001300ea92,[暗中观察R]我被人一个人扔在墓地🪦，吗的，硬控我3分钟傻站着.,548f0310b4c4d6543b4c237e,国家一级不吃香菜选手,https://sns-avatar-qc.xhscdn.com/avatar/615af3e9398133571db571af.jpg?imageView2/2/w/120/format/jpg,2,,0,1764320787049,0
67795a8a0000000011002ae5,1736006283000,,6777bac6000000001300ea92,去过 2 次，还有幸一次被 npc 带小房间单独，[偷笑R],5b2dc0c7e8ac2b3114c7072e,李泰成,https://sns-avatar-qc.xhscdn.com/avatar/1040g2jo31aluj74l6q0g4a6glr0ce1pecbuknao?imageView2/2/w/120/format/jpg,3,,0,1764320787057,1
677a9c05000000000e00de67,1736088582000,,6777bac6000000001300ea92,我应该是第一批看的人吧 体验感拉满 又恐怖又紧张又累 最后吊死那一幕印象深刻,5e4954a900000000010023cf,粽子,https://sns-avatar-qc.xhscdn.com/avatar/1040g2jo31dsoi40g0u6g5ni9aikg88uf2nq33vo?imageView2/2/w/120/format/jpg,1,http://sns-webpic-qc.xhscdn.com/202511281706/3e4447cd44edc5a802602660cbd62c18/comment/1040g2h031c9dp9p8gmk05ni9aikg88ufqejl148!nd_whgt34_webp_wm_1,0,1764320787064,3
6730c004000000001b004897,1731248133000,,672f0352000000001a01d6f3,新世界庄园！！！,56d1ac434775a75d1a2e7fba,丸了呀,https://sns-avatar-qc.xhscdn.com/avatar/1040g2jo30mqoaicl4q5g4648egm46vtq7u9vecg?imageView2/2/w/120/format/jpg,4,,0,1764320791347,3
673413a0000000001b022d55,1731466145000,,672f0352000000001a01d6f3,绝逗野马镇,622784680000000010004811,babycottoncandy,https://sns-avatar-qc.xhscdn.com/avatar/1040g2jo30ngtiqrt72605oh7ghk40i0h8upm67o?imageView2/2/w/120/format/jpg,3,,0,1764320791354,0
6730b9f6000000001b03402c,1731246582000,,672f0352000000001a01d6f3,新和医院重开了，可以试试，我认为比破笼之宴好（至少剧情丰富度和互动性都强多了）,63117523000000001200ca8c,桃乐丝,https://sns-avatar-qc.xhscdn.com/avatar/1040g2jo30nfuguv26e605oohekhkhikc1cj65g0?imageView2/2/w/120/format/jpg,5,,0,1764320791362,0
673009880000000002004854,1731201416000,,672f0352000000001a01d6f3,体力不好别去不眠之夜真的要人狗命[失望R]我去了一次还想再去我都鼓不起勇气，累废了[失望R],5aa930a04eacab46a56f1869,糯糯诺诺挪挪,https://sns-avatar-qc.xhscdn.com/avatar/1040g2jo318k9m2b0jq004a3bt8oa0639b05lck8?imageView2/2/w/120/format/jpg,4,,0,1764320791369,4
672f59df000000001b034c84,1731156447000,,672f0352000000001a01d6f3,新世界也蛮好玩就是时间长,65504a440000000002037926,美玛,https://sns-avatar-qc.xhscdn.com/avatar/1040g2jo319g4r6kkm2005pag9920mu96btb0i2o?imageView2/2/w/120/format/jpg,9,,0,1764320791375,9
672f5d81000000001a0272f8,1731157378000,,672f0352000000001a01d6f3,三体·引力之外，据说11月末结束，抓紧机会,5bb65bc3a178600001938f6e,小红薯5BB6EA28,https://sns-avatar-qc.xhscdn.com/avatar/c94b2589011be6d87bfbbbf21db9e2a0.jpg?imageView2/2/w/120/format/jpg,18,,0,1764320791382,28
672f6590000000001a02454e,1731159441000,,672f0352000000001a01d6f3,不眠之夜确实好玩，就是人多和人少是两个世界[笑哭R],61345fc0000000000202609c,轻雪雪,https://sns-avatar-qc.xhscdn.com/avatar/61345fc0000000000202609c.jpg?imageView2/2/w/120/format/jpg,3,,0,1764320791389,6
67334772000000001a0186b6,1731413874000,,672f0352000000001a01d6f3,想问24号有得玩吗 去上海24号一整天都不知道看点啥,63a5ebbf00000000260134cb,全世界最讨厌减脂期的女人🥕,https://sns-avatar-qc.xhscdn.com/avatar/1040g2jo31jtf2llt3q105ot5tevpid6bi8alqi8?imageView2/2/w/120/format/jpg,2,,0,1764320791395,1
6730aced000000001b03567d,1731243245000,,672f0352000000001a01d6f3,不眠之夜人真的好多，各种肘击踩脚看不到，加上不准说话对我这个话唠很憋屈，破笼之宴性价比很高，6个小时还管一顿饭，还能换装美美拍照，主要演员们真的很照顾人体验真的很好。,60ee553c000000002002a8b7,极品少妇去世,https://sns-avatar-qc.xhscdn.com/avatar/1040g2jo31opr5r5chq005o7eaku85a5ncq6k5ao?imageView2/2/w/120/format/jpg,10,,0,1764320791400,61
6748b643000000001a019f66,1732818500000,,672f0352000000001a01d6f3,新世界庄园警察局巨好玩！然后可以接受微恐的话，奇雾镇的悲惨世界也有被惊艳到！小笨蛋也还可以，还有umeplay的一些，更偏rpg的新和医院，晦涩之梦。不眠之夜和光明之城是我觉得需要避雷的，不眠之夜好不好看见仁见智（我觉得也不好看），但体验是真的不好,5572af14e4b1cf22a8ffaf6b,抹茶球球,https://sns-avatar-qc.xhscdn.com/avatar/5dcb5f7e38f88900011817d1.jpg?imageView2/2/w/120/format/jpg,2,,0,1764320791407,9
667a197400000000160268b1,1719277940000,,66796c38000000001c029216,作为消费者看得皱眉，是购票的时候说了不能有小抄吗？否则凭什么,63075b75000000001b0026d0,vio要开动物园（摄影版）,https://sns-avatar-qc.xhscdn.com/avatar/1040g2jo311vurr61is0g5oo7bdqmo9mgggtm8lo?imageView2/2/w/120/format/jpg,2,,0,1764320795953,162
667abb0600000000170028a9,1719319302000,,66796c38000000001c029216,我直接带了五份小抄，没收一个我拿一个,6266d087000000001000b621,茜茜我家的,https://sns-avatar-qc.xhscdn.com/avatar/1040g2jo30tuskk7o4q6g5oj6q23k1dh1n91cpb8?imageView2/2/w/120/format/jpg,3,,0,1764320795961,23
667a27fc000000000d00d29e,1719281660000,,66796c38000000001c029216,笑死  工作人员拼命想 应该怎么办才好  啊  原来还可以没收！,5657c68ee00dd82372908fa6,大地瓜,https://sns-avatar-qc.xhscdn.com/avatar/647e28b3769fc967fab40b87.jpg?imageView2/2/w/120/format/jpg,3,,0,1764320795967,137
667cb88f0000000017002525,1719449743000,,66796c38000000001c029216,听说疫情之前面具还是可以自己带走的……我疫情期间去的，甚至连实体票都没有[失望R],5d087e19000000001603cd3a,_蟹岛_,https://sns-avatar-qc.xhscdn.com/avatar/607ab26467ef5f00019a70f5.jpg?imageView2/2/w/120/format/jpg,6,,0,1764320795975,5
66796d2500000000150112ac,1719233830000,,66796c38000000001c029216,笑鼠，小姐姐你好认真啊[笑哭R][笑哭R]可可爱爱的,5a03e97b4eacab5a25ff7e1e,冬瓜汤,https://sns-avatar-qc.xhscdn.com/avatar/62e33ff17905be263b44a19c.jpg?imageView2/2/w/120/format/jpg,2,,0,1764320795983,0
667a55a7000000001500a1f5,1719293351000,,66796c38000000001c029216,我都是全程看着时间表走的,6006da150000000001008599,Luna,https://sns-avatar-qc.xhscdn.com/avatar/1040g2jo31mglt1r0kq005o06r8ag91cplm2ar18?imageView2/2/w/120/format/jpg,2,,0,1764320795989,0
667ee6210000000023018be1,1719592482000,,66796c38000000001c029216,哈哈哈哈你明明可以立刻收起来，你偏偏问要不要没收,638acd68000000001f01edba,嘘别告诉别人我在这,https://sns-avatar-qc.xhscdn.com/avatar/1040g2jo30ppbvejq6m005osaplk7rrdqs84lm3o?imageView2/2/w/120/format/jpg,1,,0,1764320795997,136
66bd93d9000000000f005ec5,1723700185000,,66796c38000000001c029216,有一说一就我这脑子 第一遍连人名都没记住[抓狂R],596037185e87e71e9984e9f3,momo,https://sns-avatar-qc.xhscdn.com/avatar/66d33fcf2d7136619b0f9e9e.jpg?imageView2/2/w/120/format/jpg,1,,0,1764320796003,0
667a6e53000000001500bba3,1719299668000,,66796c38000000001c029216,看来我还是挺运气的，我带了两大张小抄没被收,61581ae4000000000202388b,小红薯61591E63,https://sns-avatar-qc.xhscdn.com/avatar/529594cd91bbf4c43608131bf9134bdc.jpg?imageView2/2/w/120/format/jpg,1,,0,1764320796010,0
66798fd1000000000d00fa64,1719242706000,,66796c38000000001c029216,你好厉害！！！,5bfcc1d2d6d2cd00016d643e,💖猪型母蟑螂💖,https://sns-avatar-qc.xhscdn.com/avatar/1040g2jo31fepjtr76o004bub910t4p1un25o5ro?imageView2/2/w/120/format/jpg,4,,0,1764320796016,0
674c43ed000000001a01a109,1733051374000,,674bdf1a000000000702873f,我和我对象全程压根没遇见过，从出了电梯就是分开走，我感觉这样很棒，去之前就一直跟他说，我们进去是要分开的，不能牵手挡住别人,5dc15fc80000000001004193,尊月寻loveheechul,https://sns-avatar-qc.xhscdn.com/avatar/5dc1ccb10ec59f00014d1794.jpg?imageView2/2/w/120/format/jpg,1,,0,1764320800493,1
674bf4cf0000000007021d42,1733031120000,,674bdf1a000000000702873f,偷偷说话咯咯笑的真的烦死了,59c992ce44363b149aff7ec4,超大法师和小偷阿尼豆,https://sns-avatar-qc.xhscdn.com/avatar/6298c829369bf530b24d59bc.jpg?imageView2/2/w/120/format/jpg,3,,0,1764320800501,2
674ca8a8000000001a0278b2,1733077160000,,674bdf1a000000000702873f,我还遇到过三个人手拉手，就非要拉在一起，你往这边闯我往那边冲三个人连体甩大圈的……好神奇,54e6147ab4c4d631f454f603,金不换不换香香甜甜橘子,https://sns-avatar-qc.xhscdn.com/avatar/6547d33fbac0f9be9febfece.jpg?imageView2/2/w/120/format/jpg,3,,0,1764320800508,4
675028f8000000001a01343f,1733306616000,,674bdf1a000000000702873f,我是必须要牵着女生走的，因为我的乐趣不是来自演员而是带去的小姐姐的反应,624173f9000000001000d4f0,L'amour,https://sns-avatar-qc.xhscdn.com/avatar/1040g2jo315hniaan0o605oi1efsk1l7gaml6sn8?imageView2/2/w/120/format/jpg,7,,0,1764320800515,0
674becfe000000000b03c900,1733029118000,,674bdf1a000000000702873f,我是我的女性朋友一直要拉着我，但是我不想，我很独立，后来走散了，我想看的都看到了，她好像一个人都没跟全[失望R],54e556d3b4c4d674d3bf13d1,momo,https://sns-avatar-qc.xhscdn.com/avatar/1040g2jo31fncsh2fg200401efubd64uhjgmsd78?imageView2/2/w/120/format/jpg,6,,0,1764320800522,0
674c8ca4000000000c0272e7,1733069989000,,674bdf1a000000000702873f,啊 我记得在电梯里情侣是被稳拆散的呀哈哈哈哈喜欢看我爱看！男的被推出另外一层[doge]女的留在电梯里,555d517788a091664f22b2ab,桃桃桃桃桃子,https://sns-avatar-qc.xhscdn.com/avatar/64342fbabd3f1abdb1c8d968.jpg?imageView2/2/w/120/format/jpg,6,,0,1764320800529,14
674c3240000000000b03c38b,1733046848000,,674bdf1a000000000702873f,我第一次一个人去的，把我吓死了，我真的很想下次找个男朋友一起去，起码害怕的时候有个人给我掐啊,60a3289600000000010070ce,我妈知道我色,https://sns-avatar-qc.xhscdn.com/avatar/1040g2jo318d4ugte44705o5352b08s6e1g5ae0o?imageView2/2/w/120/format/jpg,16,,0,1764320800536,25
674c308d000000000803defc,1733046413000,,674bdf1a000000000702873f,不眠之夜一个人看是最爽的！进去后就各自体验！出来再聚在一起喝酒聊天,5bdd12687b93630001f5fa0c,炉子,https://sns-avatar-qc.xhscdn.com/avatar/1040g2jo31gb5n67jjo004bndnh96hugcd1lbdv0?imageView2/2/w/120/format/jpg,4,,0,1764320800543,7
674bec41000000000803d01f,1733028929000,,674bdf1a000000000702873f,点了 牵手的烦死了,5fd2a083000000000101f9ad,摸摸小狗头 万事不用愁,https://sns-avatar-qc.xhscdn.com/avatar/1040g2jo31c2lcelnh0005nuik21gbudd4e1iauo?imageView2/2/w/120/format/jpg,3,,0,1764320800549,4
674c51b00000000007014f89,1733054897000,,674bdf1a000000000702873f,[失望R]蛮多人一谈恋爱就变不分场合的巨婴的，恨不得全世界为他们的爱情鼓掌👏🏻但是正常的也很多，还是个人素质问题。有素质的自然会遵守规则，没素质的谈恋爱的仿佛拥有了免死金牌，大概因为不是一个人没素质了吧[汗颜R],5b2370b211be105e633412e7,庄夫子与猫,https://sns-avatar-qc.xhscdn.com/avatar/6472b0a520817264159b84fc.jpg?imageView2/2/w/120/format/jpg,1,,0,1764320800555,0
66c2e88d000000000600d20d,1724049550000,,66078adc000000001a00f900,我一刷根本没去理会男巫，因为不是我喜欢的类型。然而回来我看大家复盘的时候好后悔，竟然有这么一段[偷笑R]要是二刷了我一定要跟着男巫去看看哈哈哈,592d224b50c4b43410ad698a,虚胖的小黛玉日常,https://sns-avatar-qc.xhscdn.com/avatar/1040g2jo31fh9dfngmi6049hpq3h4mqcakdgig68?imageView2/2/w/120/format/jpg,5,,0,1764320805061,2
660d72020000000019030707,1712157186000,,66078adc000000001a00f900,请问三巫献祭大概是什么时候的？要跟着谁才能看到，看你的描述很吸引[偷笑R],5f7ec4e40000000001008689,暴走的何老师,https://sns-avatar-qc.xhscdn.com/avatar/1040g2jo30rp1j0vt2i005nruoji091k9ch91890?imageView2/2/w/120/format/jpg,3,,0,1764320805069,3
66741ea30000000005005d2f,1718886051000,,66078adc000000001a00f900,请问买学生票需要核验学生信息吗,5a1ae0b411be100e896052c5,warm smile,https://sns-avatar-qc.xhscdn.com/avatar/5a1ae0b411be100e896052c5.jpg?imageView2/2/w/120/format/jpg,4,,0,1764320805076,0
663874770000000003014c44,1714975864000,,66078adc000000001a00f900,请问下在哪个区,5f3bb1a8000000000100a40d,当当当当中,https://sns-avatar-qc.xhscdn.com/avatar/1040g2jo31e74mk8910005nprm6k0990dbvnau88?imageView2/2/w/120/format/jpg,1,,0,1764320805084,0
661ebd76000000001902d7cc,1713290615000,,66078adc000000001a00f900,想知道这个上海一直都会有吗 还是这段时间有啊,5cc483e9000000001102b31a,1an,https://sns-avatar-qc.xhscdn.com/avatar/1040g2jo31opknp7bha005n64gfkkdcoqvupv3vo?imageView2/2/w/120/format/jpg,3,,0,1764320805090,0
661a61ad0000000009026ea9,1713004974000,,66078adc000000001a00f900,正准备开始看！太干货了！,5af06d044eacab235d56c4ed,人类生活流水账,https://sns-avatar-qc.xhscdn.com/avatar/1040g2jo31ounea8dhk004a54k9mg9h7do99j930?imageView2/2/w/120/format/jpg,1,,0,1764320805097,0
662fce250000000004030cf1,1714408998000,,66078adc000000001a00f900,人多吗[暗中观察R]？看别的帖子说人多的打差评,575d96c750c4b44600c8e48c,🌙,https://sns-avatar-qc.xhscdn.com/avatar/62fdfa5243700a64496f1f9d.jpg?imageView2/2/w/120/format/jpg,3,,0,1764320805104,0
66494fb1000000001c00ccbd,1716080561000,,66078adc000000001a00f900,确认下，是可以寄存行李箱吗？,5a0f749c11be1074062351f8,阿呆要享受生活,https://sns-avatar-qc.xhscdn.com/avatar/1040g2jo31eh8m6b00c0049vm6nq9okfo287n70o?imageView2/2/w/120/format/jpg,3,,0,1764320805114,1
67bc00d7000000001603174d,1740374231000,,66078adc000000001a00f900,买几点的票最好呀？,5b7ea11e27bfdd00014b0189,夏雨潇潇,https://sns-avatar-qc.xhscdn.com/avatar/1040g2jo314pium3r1e004ailusghs0c99uc2jbo?imageView2/2/w/120/format/jpg,3,,0,1764320805121,0
675012b10000000007015edb,1733300914000,,66078adc000000001a00f900,是全英文的还是有中文字幕？,5b2b31e711be10619d60f08f,Charon.,https://sns-avatar-qc.xhscdn.com/avatar/1040g2jo31ll1f5nf5ie04a6ektoufs4fmp8urf8?imageView2/2/w/120/format/jpg,1,,0,1764320805128,0
66aaf7f5000000001c011144,1722480629000,,66aa4f45000000002701d216,都是花了钱来体验的，与其指责都花了钱来观看的观众，不如想想一共就那么点演员为什么一个场次不限制人流，源源不断源源不断的进人，演员跑起来大家都不想跟丢，挤人是轻，推搡冲撞的，女生根本扛不住，我就在楼梯倒过一次，终究是人多导致的安全隐患以及观感极差，但是这些问题是不是这场剧客观存在的问题，评论区有怪连体婴儿的，有怪别的观众高大的，试想一个场次如果规定人数，每个角色跟着的人不是人山人海的话会出现这种问题吗（可能会，但是不会像我昨天一样全程都是），归根到底票卖那么贵，给了观众那么差的体验感，活该挨批[微笑R],5693cc8c84edcd747f7f07e1,Florence,https://sns-avatar-qc.xhscdn.com/avatar/6585551363ab000f90e72b00.jpg?imageView2/2/w/120/format/jpg,5,,0,1764320809625,331
66ab239d000000001c010a9d,1722491805000,,66aa4f45000000002701d216,你说的对，我很爱这个戏，但真的是见证人越来越多越来越多越来越多……迄今为止上海场体感最好的是疫情时期限制人流的场次，感觉明明知道多少人流量是体验最好的情况下还一味加人，就是一种纯捞钱行为……,602239eb00000000010027db,炸蛋真的很好吃,https://sns-avatar-qc.xhscdn.com/avatar/602239eb00000000010027db.jpg?imageView2/2/w/120/format/jpg,35,,0,1764320809632,477
66ab5a9d000000001c03aeed,1722505885000,,66aa4f45000000002701d216,17年来也是这么烂，7年过去了 还在骗钱[哇R],58c4c75c7fc5b80d0f545003,同城代打老板,https://sns-avatar-qc.xhscdn.com/avatar/1040g2jo318o49sc03q00499f3b3lok03gto3t98?imageView2/2/w/120/format/jpg,27,,0,1764320809639,132
66ab61a0000000000401b828,1722507681000,,66aa4f45000000002701d216,还刷到过有姐妹被那个面具割伤脸 结果工作人员过来不关心她的伤势只催她快点把面具戴好。。。。本来很想去 刷到那个立刻避雷了[再见R][再见R][再见R]而且粘上血的面具也不知道他们会不会清理 万一割伤过哪个脏男。。。。。,631709f800000000120010d0,阡陌nono,https://sns-avatar-qc.xhscdn.com/avatar/63170b87975c00e1558307d4.jpg?imageView2/2/w/120/format/jpg,17,,0,1764320809648,145
66aa9529000000001b010a80,1722455338000,,66aa4f45000000002701d216,我第一次看也觉得不行 后来越看越爱[萌萌哒R] 总有惊喜 已经看了快20次了 只能说确实不适合刚入门的观众吧,5f731a5a000000000100a0a9,🎾🎾🎾🎾🎾🎾🎾,https://sns-avatar-qc.xhscdn.com/avatar/1040g2jo310k4mnbgmo105nrj39d098598m4p8q0?imageView2/2/w/120/format/jpg,48,,0,1764320809656,12
66ab94af00000000150134cf,1722520752000,,66aa4f45000000002701d216,就是人太多了，我学戏剧专业的，对麦克白原著不能说有多熟悉但也是专门学习过几节课的，提前也有做攻略，还买了第一波进场的为了能多刷一遍。就算是这样我的体验感还是因为人太多变得特别不好，全程都在被故意肘击、踩脚、推攘，甚至还有在下楼梯的时候推我的，，，里面光线本来就不好人又多，我都怕有踩踏事故,5c026c2c000000000700eb6c,邪恶薯饼,https://sns-avatar-qc.xhscdn.com/avatar/1040g2jo314mb5belm2004bunvlm2pqrc00f6c1g?imageView2/2/w/120/format/jpg,15,,0,1764320809663,62
66b40520000000000b02b4ff,1723073824000,,66aa4f45000000002701d216,真的是说到点子上了，网上全是好评甚至还有很多水军，把这个剧捧得很高，买了最贵的票第一场进去，之后就是……，……，……甚至还被演员踩到脚撞到……他们只会觉得你碍事，但是演员的行迹根本无法预测啊……,5969bbaa82ec39635d3ff10d,Anshent,https://sns-avatar-qc.xhscdn.com/avatar/6170d14d8717bbbd7ef32071.jpg?imageView2/2/w/120/format/jpg,5,,0,1764320809669,40
66ac5c210000000026001076,1722571810000,,66aa4f45000000002701d216,我也觉得好无聊 场景不错 但网上说的什么和演员的互动就是递东西 坐凳子上 壁咚什么的 感觉也很无聊啊…没很有剧情 而且一直跟一个人就觉得有时候很拖延时间，夫妇俩在墙上走来走去甩甩腿跳很久 要么就是铺很久的沙发床单  有一段献祭蛮不错但感觉真没说的那么玄乎那么牛 还不如人艺看一场话剧,5c63950d000000001000888d,西西开机,https://sns-avatar-qc.xhscdn.com/avatar/1040g2jo31l4atf4fio105n33ik6k124dnnj6oj8?imageView2/2/w/120/format/jpg,5,,0,1764320809677,5
66aa502b0000000009000a7b,1722437675000,,66aa4f45000000002701d216,人特别多，和同伴很容易走失。热门的演绎围满了人看都看不见，其他的演绎看几分钟就没意思了。戴着眼镜戴面具超级不舒服😞。,55fad20562a60c30fc5b6507,用户已注销,https://sns-avatar-qc.xhscdn.com/avatar/645b807d338379fac18930a8.jpg?imageView2/2/w/120/format/jpg,21,,0,1764320809683,33
66b4eeb6000000000b028102,1723133623000,,66aa4f45000000002701d216,今天刚去看，没做攻略也一直跟丢，完全看不到有啥（我一米六出头的各自）一堆人在那里碰碰撞撞,5e4a872b0000000001005db4,蛤蜊是世界上最好吃的,https://sns-avatar-qc.xhscdn.com/avatar/1040g2jo31mnjke3r5m705niagslg8ndk3locnfg?imageView2/2/w/120/format/jpg,7,,0,1764320809691,6
68d7e940000000001a02d50d,1758980416000,,68d7e0290000000012015f33,其实按最近的叠券价格，370出580已经是贵的了,63131aad000000001200c1a0,精灵水之恋,https://sns-avatar-qc.xhscdn.com/avatar/63131aad000000001200c1a0.jpg?imageView2/2/w/120/format/jpg,13,,0,1764320814271,208
68d8e5e30000000002014698,1759045091000,,68d7e0290000000012015f33,那我当年800看的算什么[哭惹R],5f069f4b000000000101cf9f,言京,https://sns-avatar-qc.xhscdn.com/avatar/1040g2jo31k2sp3llj00g5no6jt5gbjsvnkr9f78?imageView2/2/w/120/format/jpg,14,,0,1764320814279,151
68d9568d000000000801f1c7,1759073933000,,68d7e0290000000012015f33,这个适合约会吗,64ce565c000000000b007c84,momo,https://sns-avatar-qc.xhscdn.com/avatar/1040g2jo31hjkt4po42005p6eape2ov440gqg5g0?imageView2/2/w/120/format/jpg,10,,0,1764320814287,2
68d7ef5600000000010379d8,1758981975000,,68d7e0290000000012015f33,370都贵了[doge]之前各种优惠券叠加，我300就能买到漫游灵,5a8f86aa4eacab06764ff005,VegetarianFish,https://sns-avatar-qc.xhscdn.com/avatar/1040g2jo31mphd7psl2004a1mpf3als05lup95ug?imageView2/2/w/120/format/jpg,11,,0,1764320814295,40
68d7ff62000000000b016e98,1758986082000,,68d7e0290000000012015f33,370是赚的，用乐赏券买冒险灵都只要350左右，漫游灵更便宜,5a86ef954eacab76843bd7ac,婋婋,https://sns-avatar-qc.xhscdn.com/avatar/1040g2jo3167cmctehc004a1gc7npbltc8n0ss7o?imageView2/2/w/120/format/jpg,11,,0,1764320814302,51
68d8efd4000000000801f6a0,1759047636000,,68d7e0290000000012015f33,因为现在消费不景气，很少人会花大价格看戏，所以就把里面越来越多的国外舞者换成国内的，然后降低票价，否则这么大的场景成本摊销不回来,624173f9000000001000d4f0,L'amour,https://sns-avatar-qc.xhscdn.com/avatar/1040g2jo315hniaan0o605oi1efsk1l7gaml6sn8?imageView2/2/w/120/format/jpg,3,,0,1764320814308,18
68d7e136000000001a03112f,1758978359000,,68d7e0290000000012015f33,可能是最近上海有500-200的券吧？,647f368c000000002a037ff8,今夜有鱼在游,https://sns-avatar-qc.xhscdn.com/avatar/1040g2jo30rn0ninu2q5g5p3v6q6amvvo0a8n7q8?imageView2/2/w/120/format/jpg,4,,0,1764320814315,11
68db29730000000039025205,1759193460000,,68d7e0290000000012015f33,因为最近有乐赏消费券,5b1a0c174eacab275c49c95c,momo,https://sns-avatar-qc.xhscdn.com/avatar/1040g2jo31on2labg4q5g4a624661fiasvv9jpn0?imageView2/2/w/120/format/jpg,1,,0,1764320814322,1
68d903da0000000004013fbe,1759052762000,,68d7e0290000000012015f33,这么便宜！,5a9ea2b9e8ac2b51f7439eb5,我发呆的时候没有黑眼圈,https://sns-avatar-qc.xhscdn.com/avatar/1040g2jo31miaj0p8l0004a359ihbj7llc4k3iv8?imageView2/2/w/120/format/jpg,0,,0,1764320814329,0
68e99baf000000003900b79b,1760140207000,,68d7e0290000000012015f33,乐赏吧,60831307000000000101c3a7,鱼十天,https://sns-avatar-qc.xhscdn.com/avatar/1040g2jo31o66v3ka6m005o432c3gbgt73e1ol7o?imageView2/2/w/120/format/jpg,0,,0,1764320814337,1
690b268300000000390297f9,1762338435000,上海,68aa8a48000000001c012e91,要看管家的话是跟哪条线呀[哭惹R],573db43a6a6a690407a0df06,懵懵,https://sns-avatar-qc.xhscdn.com/avatar/1040g2jo31p6lcmih280048c63cq3lno6fetj3rg?imageView2/2/w/120/format/jpg,1,,0,1764320818766,0
68f2673b0000000038009786,1760716603000,,68aa8a48000000001c012e91,恐怖吗？,592ed06d6a6a692314d93b6d,樱桃大棚,https://sns-avatar-qc.xhscdn.com/avatar/1040g2jo31p2sa53ais0049htqo86qerd5huan5o?imageView2/2/w/120/format/jpg,1,,0,1764320818774,0
68c02cf500000000300249d9,1757424885000,,68aa8a48000000001c012e91,@笑点低泪点也低,5cbcdaea00000000120394a3,NEO,https://sns-avatar-qc.xhscdn.com/avatar/5d73da54316ffe0001a04b1a.jpg?imageView2/2/w/120/format/jpg,0,,0,1764320818781,0
68aaaf4f0000000030007428,1756016464000,,68aa8a48000000001c012e91,cute,5611c02b3f0f3c4b416bc598,免贵姓笑,https://sns-avatar-qc.xhscdn.com/avatar/5fe4c51ac27bcec5a83e50ee.jpg?imageView2/2/w/120/format/jpg,0,,0,1764320818788,0
68c4ca040000000009028eb9,1757727237000,,68aa8a48000000001c012e91,@Talia,63d3673c00000000260105fd,August 外贸SOHO 独立站 谷歌SEO,https://sns-avatar-qc.xhscdn.com/avatar/1040g2jo31j7gah1pj0005oujcsu9i1ft06t83o0?imageView2/2/w/120/format/jpg,0,,0,1764320818795,0
68caac09000000000902a9f1,1758112778000,,68aa8a48000000001c012e91,@不可一世的哆啦酱,5c5b0291000000001000ba83,kang_gil,https://sns-avatar-qc.xhscdn.com/avatar/1040g2jo31mdkj09p68005n2r0a8k1ek3sk9mkv8?imageView2/2/w/120/format/jpg,0,,0,1764320818803,0
68adc40c000000003000d60e,1756218381000,,68aa8a48000000001c012e91,@钮钴禄氏臭宝,54e4c1e0e7798968281b03de,🐻🐻,https://sns-avatar-qc.xhscdn.com/avatar/1040g2jo31o41vrnikq6g401e5c0u00uuel5ioag?imageView2/2/w/120/format/jpg,0,,0,1764320818811,0
68b7dfaf000000000b02ab9b,1756880815000,,68aa8a48000000001c012e91,现在演的 还好么  一直想去  就怕演的太烂了,5c1d9856000000000700a519,牛油果🥑,https://sns-avatar-qc.xhscdn.com/avatar/1040g2jo312bbvuudlm6g5n0tj1b1p98pkk7cg48?imageView2/2/w/120/format/jpg,1,,0,1764320818818,1
68aaaf610000000030008420,1756016482000,,68aa8a48000000001c012e91,收到了 保姆姐姐提供的保姆级攻略[微笑R],5611c02b3f0f3c4b416bc598,免贵姓笑,https://sns-avatar-qc.xhscdn.com/avatar/5fe4c51ac27bcec5a83e50ee.jpg?imageView2/2/w/120/format/jpg,1,,0,1764320818824,1
68aa977e0000000030004073,1756010366000,,68aa8a48000000001c012e91,人多吗最近,5b533fd56b58b77056d96096,吃一口吧好吃的,https://sns-avatar-qc.xhscdn.com/avatar/63fdacdd6562e8a864641dc1.jpg?imageView2/2/w/120/format/jpg,1,,0,1764320818831,0
682568a70000000003034f10,1747282088000,,68256642000000002300382b,37 8jio-cloud发布了一篇小红书笔记，快来看吧！ 😆 btcf78vDZ3EYsdH 😆 http://xhslink.com/a/UlByWoTZRjzcb，复制本条信息，打开【小红书】App查看精彩内容！,61878f330000000010004939,小时想天天见Hattie,https://sns-avatar-qc.xhscdn.com/avatar/1040g2jo31niti54ll8605oc7hspk0i9pgqauhb8?imageView2/2/w/120/format/jpg,6,,0,1764320825162,11
6825e914000000001c015031,1747314965000,,68256642000000002300382b,我玩的那一场有观众为了追演员，直接从一个演员身上踩过去了😳那个外国演员被踩得大叫一声一瘸一拐地走了,6277bc9f000000002102b05c,风信草,https://sns-avatar-qc.xhscdn.com/avatar/1040g2jo30vrffj6c5odg5ojnnifodc2sn8jbqh0?imageView2/2/w/120/format/jpg,13,,0,1764320825171,178
6826a817000000000a037bed,1747363863000,,68256642000000002300382b,毫不意外…人太多了而且又黑又挤，去的时候就很疑惑消防检查是怎么过关的,5b9db422398e4d0001c7d5fa,Yy,https://sns-avatar-qc.xhscdn.com/avatar/53ba1722242c3e9344db7b0fc2e1005f.jpg?imageView2/2/w/120/format/jpg,5,,0,1764320825178,69
6825b7a000000000040099e1,1747302305000,,68256642000000002300382b,老师面对官方可以态度强硬一点，这里也是属于剧方的问题，拒绝带离就已经很有问题了[扶墙R],668a035c000000000f035b74,Mia_8jio_blackcloud,https://sns-avatar-qc.xhscdn.com/avatar/1040g2jo31p1mptnp326g5pka0de3umrkuq609v0?imageView2/2/w/120/format/jpg,13,,0,1764320825187,94
68274f08000000000702a2fa,1747406600000,,68256642000000002300382b,[笑哭R]是的 安全隐患太大，人实在是多得不行，尤其是后面两次循环人进满以后，根本没办法自主活动，完全是被推着走[再见R]还老有“搭子”舍不得松手，人型栏杆，莫名被绊了好几次…,5889b5af50c4b45d4632f591,Wynn.,https://sns-avatar-qc.xhscdn.com/avatar/1040g2jo31g38n2pn006g492rjbqqvtche4790e0?imageView2/2/w/120/format/jpg,3,,0,1764320825194,24
68257ce4000000000b02f667,1747287269000,,68256642000000002300382b,太吓人了吧，没看过犹豫去不去，现在更犹豫的[石化R],595909b182ec39735cef3924,gnps.gwps,https://sns-avatar-qc.xhscdn.com/avatar/1040g2jo31ljbe9hale6g49l8g84r2e94prji448?imageView2/2/w/120/format/jpg,5,,0,1764320825201,6
68267b5f000000001c02fa99,1747352416000,,68256642000000002300382b,就应该直接在他场地内报警的,5a019b0111be105cc9a79eda,陨石猎人,https://sns-avatar-qc.xhscdn.com/avatar/1040g2jo319pkh8dsng0g49v8mldg37mqt4ookt0?imageView2/2/w/120/format/jpg,1,,0,1764320825210,3
6826b118000000001c02edbc,1747366169000,,68256642000000002300382b,真的无人在意 没有安全措施的 我前几年去的时候太黑了膝盖撞倒柜子尖角了现在还有后遗症 场地真就是一点防护都没做[失望R] 话说回来我印象里剧情的衔接特别烂（官方介绍故弄玄虚的 不看小红书攻略根本搞不懂发生什么 搞懂了之后发现毫无剧情）和顾客体验做的都很差啊这也能活下来 把这个当场一场类似剧院的音乐形式来看是不合格（甚至是最差一档）的 果然是靠铺天盖地买推广和粉丝流量骗人来看的（,5ee99bc100000000010065bf,有好书,https://sns-avatar-qc.xhscdn.com/avatar/1040g2jo31154ap8b6e005nn9jf0g8pdvteusga8?imageView2/2/w/120/format/jpg,3,,0,1764320825218,34
6826bd13000000001c0322bd,1747369235000,,68256642000000002300382b,感觉真的很危险，我上次去摸黑踩空一个坎摔到了,60c16cc8000000000101fb79,Scenery,https://sns-avatar-qc.xhscdn.com/avatar/1040g2jo31kqb45nj30705o61dj40burpn8upo9g?imageView2/2/w/120/format/jpg,1,,0,1764320825225,3
684643d3000000000b02c839,1749435347000,,68256642000000002300382b,怎么说呢 不是说你盆友哦 我上次去也是一个为了跟人插我前面然后正好楼梯地方她直接也是跪拜摔 咋说呢 还是自己注意吧 没必要为了走在第一个那么拼命 还有很多手拉手的人 拦在我面前 我不惯着直接中间劈开 反应快 走的快 也是要顾及后面的人 毕竟礼仪也是很重要的[偷笑R],5d3266800000000012002a91,倒拔杨柳树,https://sns-avatar-qc.xhscdn.com/avatar/5d3266800000000012002a91.jpg?imageView2/2/w/120/format/jpg,2,,0,1764320825233,0
